{
    "data": [
        {
            "id": 62989,
            "name": "Комплекс бога",
            "year": 2022,
            "quality": "FHD (1080p)",
            "genre": "Детектив, Драма",
            "type": "Сериалы",
            "country": "Россия",
            "poster": "https://img.imgilall.me/movies/franchise/6/2/9/8/9/0/0/0/0/0/610x900_62989.jpg",
            "imdb": null,
            "kinopoisk": null
        },
        {
            "id": 61454,
            "name": "Крупье / Мусорщик",
            "year": 2022,
            "quality": "FHD (1080p)",
            "genre": "Драма",
            "type": "Сериалы",
            "country": "Турция",
            "poster": "https://img.imgilall.me/movies/franchise/6/1/4/5/4/0/0/0/0/0/610x900_61454.jpg",
            "imdb": "8.2",
            "kinopoisk": null
        },
        {
            "id": 58129,
            "name": "Винчестеры",
            "year": 2022,
            "quality": "HD (720p)",
            "genre": "Приключения, Боевик",
            "type": "Сериалы",
            "country": "США",
            "poster": "https://img.imgilall.me/movies/franchise/5/8/1/2/9/0/0/0/0/0/610x900_58129.jpg",
            "imdb": null,
            "kinopoisk": null
        },
        {
            "id": 63514,
            "name": "Сицилия без мертвецов",
            "year": 2022,
            "quality": null,
            "genre": "Драма",
            "type": "Сериалы",
            "country": "Испания",
            "poster": "https://img.imgilall.me/movies/franchise/6/3/5/1/4/0/0/0/0/0/610x900_63514.jpg",
            "imdb": "8.4",
            "kinopoisk": null
        },
        {
            "id": 63132,
            "name": "Дурдом",
            "year": 2022,
            "quality": "FHD (1080p)",
            "genre": "Комедия",
            "type": "Сериалы",
            "country": "Россия",
            "poster": "https://img.imgilall.me/movies/franchise/6/3/1/3/2/0/0/0/0/0/610x900_63132.jpg",
            "imdb": null,
            "kinopoisk": null
        },
        {
            "id": 60190,
            "name": "Судьба",
            "year": 2022,
            "quality": "HD (720p)",
            "genre": "Драма",
            "type": "Сериалы",
            "country": "Турция",
            "poster": "https://img.imgilall.me/movies/franchise/6/0/1/9/0/0/0/0/0/0/610x900_60190.jpg",
            "imdb": null,
            "kinopoisk": null
        },
        {
            "id": 54054,
            "name": "Экспресс",
            "year": 2022,
            "quality": "HD (720p)",
            "genre": "Триллер",
            "type": "Сериалы",
            "country": "Испания",
            "poster": "https://img.imgilall.me/movies/franchise/5/4/0/5/4/0/0/0/0/0/610x900_54054.jpg",
            "imdb": null,
            "kinopoisk": null
        },
        {
            "id": 63526,
            "name": "От встречи до разлуки",
            "year": 2022,
            "quality": "FHD (1080p)",
            "genre": "Мелодрама",
            "type": "Сериалы",
            "country": "Россия",
            "poster": "https://img.imgilall.me/movies/franchise/6/3/5/2/6/0/0/0/0/0/610x900_63526.jpg",
            "imdb": null,
            "kinopoisk": null
        },
        {
            "id": 63534,
            "name": "Прирожденный нарко",
            "year": 2022,
            "quality": null,
            "genre": "Криминал, Боевик, Драма",
            "type": "Сериалы",
            "country": "Мексика, США",
            "poster": "https://img.imgilall.me/movies/franchise/6/3/5/3/4/0/0/0/0/0/610x900_63534.jpg",
            "imdb": "7.8",
            "kinopoisk": null
        },
        {
            "id": 63540,
            "name": "Приказа умирать не было",
            "year": 2022,
            "quality": "FHD (1080p)",
            "genre": "Военный",
            "type": "Сериалы",
            "country": "Россия",
            "poster": "https://img.imgilall.me/movies/franchise/6/3/5/4/0/0/0/0/0/0/610x900_63540.jpeg",
            "imdb": null,
            "kinopoisk": null
        },
        {
            "id": 53941,
            "name": "Сын Критча",
            "year": 2022,
            "quality": "HD (720p)",
            "genre": "Комедия",
            "type": "Сериалы",
            "country": "Канада",
            "poster": "https://img.imgilall.me/movies/franchise/5/3/9/4/1/0/0/0/0/0/610x900_53941.jpg",
            "imdb": "6.8",
            "kinopoisk": null
        },
        {
            "id": 63544,
            "name": "Скачка с препятствиями",
            "year": 2022,
            "quality": null,
            "genre": "Боевик, Драма",
            "type": "Сериалы",
            "country": "Португалия",
            "poster": "https://img.imgilall.me/movies/franchise/6/3/5/4/4/0/0/0/0/0/610x900_63544.jpg",
            "imdb": null,
            "kinopoisk": null
        },
        {
            "id": 63545,
            "name": "С днём рождения, Вика!",
            "year": 2022,
            "quality": "FHD (1080p)",
            "genre": "Мелодрама",
            "type": "Сериалы",
            "country": "Россия",
            "poster": "https://img.imgilall.me/movies/franchise/6/3/5/4/5/0/0/0/0/0/610x900_63545.jpg",
            "imdb": null,
            "kinopoisk": null
        },
        {
            "id": 63567,
            "name": "Маэстро",
            "year": 2022,
            "quality": null,
            "genre": "Драма",
            "type": "Сериалы",
            "country": "Казахстан",
            "poster": "https://img.imgilall.me/movies/franchise/6/3/5/6/7/0/0/0/0/0/610x900_63567.jpg",
            "imdb": null,
            "kinopoisk": null
        },
        {
            "id": 63569,
            "name": "Жену вызывали?",
            "year": 2022,
            "quality": "FHD (1080p)",
            "genre": "Комедия, Мелодрама",
            "type": "Сериалы",
            "country": "Россия",
            "poster": "https://img.imgilall.me/movies/franchise/6/3/5/6/9/0/0/0/0/0/610x900_63569.jpg",
            "imdb": null,
            "kinopoisk": null
        },
        {
            "id": 61911,
            "name": "Казино",
            "year": 2022,
            "quality": "HD (720p)",
            "genre": "Криминал, Драма",
            "type": "Сериалы",
            "country": "Корея Южная",
            "poster": "https://img.imgilall.me/movies/franchise/6/1/9/1/1/0/0/0/0/0/610x900_61911.jpg",
            "imdb": null,
            "kinopoisk": null
        },
        {
            "id": 60122,
            "name": "Новичок: Федералы",
            "year": 2022,
            "quality": "HD (720p)",
            "genre": "Криминал, Детектив, Боевик, Драма",
            "type": "Сериалы",
            "country": "США",
            "poster": "https://img.imgilall.me/movies/franchise/6/0/1/2/2/0/0/0/0/0/610x900_60122.jpg",
            "imdb": "4.9",
            "kinopoisk": "6.2"
        },
        {
            "id": 54107,
            "name": "Как я встретила вашего папу",
            "year": 2022,
            "quality": "HD (720p)",
            "genre": "Комедия, Драма",
            "type": "Сериалы",
            "country": "США",
            "poster": "https://img.imgilall.me/movies/franchise/5/4/1/0/7/0/0/0/0/0/610x900_54107.jpg",
            "imdb": "5.5",
            "kinopoisk": "5.6"
        },
        {
            "id": 60892,
            "name": "Фандорин. Азазель",
            "year": 2022,
            "quality": "SD",
            "genre": "Криминал, Фантастика, Детектив",
            "type": "Сериалы",
            "country": "Россия",
            "poster": "https://img.imgilall.me/movies/franchise/6/0/8/9/2/0/0/0/0/0/610x900_60892.jpg",
            "imdb": null,
            "kinopoisk": null
        },
        {
            "id": 62571,
            "name": "Песня о юности",
            "year": 2022,
            "quality": "FHD (1080p)",
            "genre": "Приключения, Фэнтези",
            "type": "Сериалы",
            "country": "Китай",
            "poster": "https://img.imgilall.me/movies/franchise/6/2/5/7/1/0/0/0/0/0/610x900_62571.jpg",
            "imdb": "9.5",
            "kinopoisk": null
        },
        {
            "id": 60281,
            "name": "Уокер: Независимость",
            "year": 2022,
            "quality": "HD (720p)",
            "genre": "Криминал, Вестерн, Боевик, Драма",
            "type": "Сериалы",
            "country": "США",
            "poster": "https://img.imgilall.me/movies/franchise/6/0/2/8/1/0/0/0/0/0/610x900_60281.jpg",
            "imdb": null,
            "kinopoisk": null
        }
    ]
}