{
    "data": [
        {
            "id": 62336,
            "name": "М3ГАН",
            "year": 2022,
            "quality": "FHD (1080p)",
            "genre": "Ужасы",
            "type": "Фильмы",
            "country": "США",
            "poster": "https://img.imgilall.me/movies/franchise/6/2/3/3/6/0/0/0/0/0/610x900_62336.jpg",
            "imdb": "6.6",
            "kinopoisk": "6.2"
        },
        {
            "id": 63362,
            "name": "Данте",
            "year": 2022,
            "quality": "FHD (1080p)",
            "genre": "Исторический, Биографический",
            "type": "Фильмы",
            "country": "Италия",
            "poster": "https://img.imgilall.me/movies/franchise/6/3/3/6/2/0/0/0/0/0/610x900_63362.jpg",
            "imdb": "5.9",
            "kinopoisk": null
        },
        {
            "id": 58627,
            "name": "Ностальгия",
            "year": 2022,
            "quality": "FHD (1080p)",
            "genre": "Драма",
            "type": "Фильмы",
            "country": "Италия, Франция",
            "poster": "https://img.imgilall.me/movies/franchise/5/8/6/2/7/0/0/0/0/0/610x900_58627.jpg",
            "imdb": "6.8",
            "kinopoisk": "6.7"
        },
        {
            "id": 63497,
            "name": "Человеческая позиция",
            "year": 2022,
            "quality": "FHD (1080p)",
            "genre": "Драма",
            "type": "Фильмы",
            "country": "Норвегия",
            "poster": "https://img.imgilall.me/movies/franchise/6/3/4/9/7/0/0/0/0/0/610x900_63497.jpg",
            "imdb": "5.7",
            "kinopoisk": null
        },
        {
            "id": 63498,
            "name": "Китти К7",
            "year": 2022,
            "quality": "FHD (1080p)",
            "genre": "Драма",
            "type": "Фильмы",
            "country": "Филиппины",
            "poster": "https://img.imgilall.me/movies/franchise/6/3/4/9/8/0/0/0/0/0/610x900_63498.jpg",
            "imdb": "6.1",
            "kinopoisk": null
        },
        {
            "id": 63116,
            "name": "Принцесса балета",
            "year": 2022,
            "quality": "TS",
            "genre": "Комедия, Драма",
            "type": "Фильмы",
            "country": "Франция",
            "poster": "https://img.imgilall.me/movies/franchise/6/3/1/1/6/0/0/0/0/0/610x900_63116.jpg",
            "imdb": "4.6",
            "kinopoisk": null
        },
        {
            "id": 63503,
            "name": "Синджар",
            "year": 2022,
            "quality": "FHD (1080p)",
            "genre": "Драма",
            "type": "Фильмы",
            "country": "Испания",
            "poster": "https://img.imgilall.me/movies/franchise/6/3/5/0/3/0/0/0/0/0/610x900_63503.jpg",
            "imdb": "6.6",
            "kinopoisk": null
        },
        {
            "id": 63507,
            "name": "Проглоченный",
            "year": 2022,
            "quality": "FHD (1080p)",
            "genre": "Ужасы, Триллер",
            "type": "Фильмы",
            "country": "США",
            "poster": "https://img.imgilall.me/movies/franchise/6/3/5/0/7/0/0/0/0/0/610x900_63507.jpg",
            "imdb": "6.0",
            "kinopoisk": null
        },
        {
            "id": 63508,
            "name": "Выжженная земля",
            "year": 2022,
            "quality": "FHD (1080p)",
            "genre": "Фантастика, Боевик, Триллер",
            "type": "Фильмы",
            "country": "Великобритания",
            "poster": "https://img.imgilall.me/movies/franchise/6/3/5/0/8/0/0/0/0/0/610x900_63508.jpg",
            "imdb": "3.2",
            "kinopoisk": null
        },
        {
            "id": 63510,
            "name": "Ночь бастарда",
            "year": 2022,
            "quality": "FHD (1080p)",
            "genre": "Ужасы",
            "type": "Фильмы",
            "country": "США",
            "poster": "https://img.imgilall.me/movies/franchise/6/3/5/1/0/0/0/0/0/0/610x900_63510.jpg",
            "imdb": "4.7",
            "kinopoisk": null
        },
        {
            "id": 63511,
            "name": "По правилам и без",
            "year": 2022,
            "quality": "FHD (1080p)",
            "genre": "Комедия",
            "type": "Фильмы",
            "country": "Франция",
            "poster": "https://img.imgilall.me/movies/franchise/6/3/5/1/1/0/0/0/0/0/610x900_63511.jpg",
            "imdb": "7.0",
            "kinopoisk": null
        },
        {
            "id": 63512,
            "name": "Братство",
            "year": 2022,
            "quality": "FHD (1080p)",
            "genre": "Криминал, Боевик",
            "type": "Фильмы",
            "country": "Нигерия",
            "poster": "https://img.imgilall.me/movies/franchise/6/3/5/1/2/0/0/0/0/0/610x900_63512.jpg",
            "imdb": "5.0",
            "kinopoisk": null
        },
        {
            "id": 63513,
            "name": "Путь убийцы сквозь тернии",
            "year": 2022,
            "quality": "FHD (1080p)",
            "genre": "Триллер, Драма",
            "type": "Фильмы",
            "country": "Великобритания",
            "poster": "https://img.imgilall.me/movies/franchise/6/3/5/1/3/0/0/0/0/0/610x900_63513.jpg",
            "imdb": "6.4",
            "kinopoisk": null
        },
        {
            "id": 62874,
            "name": "Теперь вместе",
            "year": 2022,
            "quality": "FHD (1080p)",
            "genre": "Комедия, Боевик, Драма",
            "type": "Фильмы",
            "country": "США, Италия",
            "poster": "https://img.imgilall.me/movies/franchise/6/2/8/7/4/0/0/0/0/0/610x900_62874.jpg",
            "imdb": "8.4",
            "kinopoisk": null
        },
        {
            "id": 63521,
            "name": "Тюрьма",
            "year": 2022,
            "quality": "FHD (1080p)",
            "genre": "Боевик",
            "type": "Фильмы",
            "country": "ЮАР",
            "poster": "https://img.imgilall.me/movies/franchise/6/3/5/2/1/0/0/0/0/0/610x900_63521.jpg",
            "imdb": null,
            "kinopoisk": null
        },
        {
            "id": 63523,
            "name": "Над миром",
            "year": 2022,
            "quality": "FHD (1080p)",
            "genre": "Драма",
            "type": "Фильмы",
            "country": "Австрия",
            "poster": "https://img.imgilall.me/movies/franchise/6/3/5/2/3/0/0/0/0/0/610x900_63523.jpg",
            "imdb": "7.7",
            "kinopoisk": null
        },
        {
            "id": 56996,
            "name": "Белый слон",
            "year": 2022,
            "quality": "FHD (1080p)",
            "genre": "Криминал, Боевик, Триллер",
            "type": "Фильмы",
            "country": "США",
            "poster": "https://img.imgilall.me/movies/franchise/5/6/9/9/6/0/0/0/0/0/610x900_56996.jpg",
            "imdb": "4.4",
            "kinopoisk": "5.1"
        },
        {
            "id": 63525,
            "name": "Не дыши: Смертельная охота",
            "year": 2022,
            "quality": "FHD (1080p)",
            "genre": "Драма",
            "type": "Фильмы",
            "country": "США",
            "poster": "https://img.imgilall.me/movies/franchise/6/3/5/2/5/0/0/0/0/0/610x900_63525.jpg",
            "imdb": "6.9",
            "kinopoisk": null
        },
        {
            "id": 62375,
            "name": "Дитя дьявола. Экзорцизм",
            "year": 2022,
            "quality": null,
            "genre": "Ужасы, Драма",
            "type": "Фильмы",
            "country": "Мексика, Перу",
            "poster": "https://img.imgilall.me/movies/franchise/6/2/3/7/5/0/0/0/0/0/610x900_62375.jpg",
            "imdb": "6.7",
            "kinopoisk": null
        },
        {
            "id": 63535,
            "name": "День Розе",
            "year": 2022,
            "quality": "FHD (1080p)",
            "genre": "Комедия",
            "type": "Фильмы",
            "country": "США",
            "poster": "https://img.imgilall.me/movies/franchise/6/3/5/3/5/0/0/0/0/0/610x900_63535.jpg",
            "imdb": null,
            "kinopoisk": null
        },
        {
            "id": 63536,
            "name": "Корень",
            "year": 2022,
            "quality": "FHD (1080p)",
            "genre": "Ужасы",
            "type": "Фильмы",
            "country": "США",
            "poster": "https://img.imgilall.me/movies/franchise/6/3/5/3/6/0/0/0/0/0/610x900_63536.jpg",
            "imdb": null,
            "kinopoisk": null
        },
        {
            "id": 63537,
            "name": "Красная зима",
            "year": 2022,
            "quality": "FHD (1080p)",
            "genre": "Триллер",
            "type": "Фильмы",
            "country": "США",
            "poster": "https://img.imgilall.me/movies/franchise/6/3/5/3/7/0/0/0/0/0/610x900_63537.jpg",
            "imdb": null,
            "kinopoisk": null
        },
        {
            "id": 60981,
            "name": "Кит",
            "year": 2022,
            "quality": "FHD (1080p)",
            "genre": "Драма",
            "type": "Фильмы",
            "country": "США",
            "poster": "https://img.imgilall.me/movies/franchise/6/0/9/8/1/0/0/0/0/0/610x900_60981.jpg",
            "imdb": "8.0",
            "kinopoisk": "7.7"
        },
        {
            "id": 59830,
            "name": "У самого Белого моря",
            "year": 2022,
            "quality": "FHD (1080p)",
            "genre": "Драма",
            "type": "Фильмы",
            "country": "Россия",
            "poster": "https://img.imgilall.me/movies/franchise/5/9/8/3/0/0/0/0/0/0/610x900_59830.jpg",
            "imdb": null,
            "kinopoisk": null
        },
        {
            "id": 63548,
            "name": "Заррар",
            "year": 2022,
            "quality": "FHD (1080p)",
            "genre": "Приключения, Боевик, Триллер, Мелодрама, Драма",
            "type": "Фильмы",
            "country": "Пакистан",
            "poster": "https://img.imgilall.me/movies/franchise/6/3/5/4/8/0/0/0/0/0/610x900_63548.jpg",
            "imdb": null,
            "kinopoisk": null
        },
        {
            "id": 63549,
            "name": "Юсеф Салем добился успеха",
            "year": 2022,
            "quality": "TS",
            "genre": "Комедия",
            "type": "Фильмы",
            "country": "Франция",
            "poster": "https://img.imgilall.me/movies/franchise/6/3/5/4/9/0/0/0/0/0/610x900_63549.jpg",
            "imdb": "7.0",
            "kinopoisk": null
        },
        {
            "id": 60860,
            "name": "Черная метка",
            "year": 2022,
            "quality": "FHD (1080p)",
            "genre": "Боевик, Триллер",
            "type": "Фильмы",
            "country": "США",
            "poster": "https://img.imgilall.me/movies/franchise/6/0/8/6/0/0/0/0/0/0/610x900_60860.jpg",
            "imdb": null,
            "kinopoisk": null
        },
        {
            "id": 63550,
            "name": "Память воды",
            "year": 2022,
            "quality": "FHD (1080p)",
            "genre": "Фантастика, Триллер",
            "type": "Фильмы",
            "country": "Германия, Финляндия, Норвегия, Эстония",
            "poster": "https://img.imgilall.me/movies/franchise/6/3/5/5/0/0/0/0/0/0/610x900_63550.jpg",
            "imdb": "5.4",
            "kinopoisk": null
        },
        {
            "id": 63552,
            "name": "Принцесса и телохранитель",
            "year": 2022,
            "quality": "FHD (1080p)",
            "genre": "Комедия, Мелодрама, Драма",
            "type": "Фильмы",
            "country": "США",
            "poster": "https://img.imgilall.me/movies/franchise/6/3/5/5/2/0/0/0/0/0/610x900_63552.jpg",
            "imdb": "6.2",
            "kinopoisk": null
        },
        {
            "id": 63553,
            "name": "Расплата",
            "year": 2022,
            "quality": "FHD (1080p)",
            "genre": "Боевик",
            "type": "Фильмы",
            "country": "ЮАР",
            "poster": "https://img.imgilall.me/movies/franchise/6/3/5/5/3/0/0/0/0/0/610x900_63553.jpg",
            "imdb": null,
            "kinopoisk": null
        },
        {
            "id": 60861,
            "name": "Новая игрушка",
            "year": 2022,
            "quality": "FHD (1080p)",
            "genre": "Комедия",
            "type": "Фильмы",
            "country": "Франция",
            "poster": "https://img.imgilall.me/movies/franchise/6/0/8/6/1/0/0/0/0/0/610x900_60861.jpg",
            "imdb": "4.9",
            "kinopoisk": null
        },
        {
            "id": 63555,
            "name": "Богемец",
            "year": 2022,
            "quality": "FHD (1080p)",
            "genre": "Исторический, Биографический, Драма, Музыка",
            "type": "Фильмы",
            "country": "Италия, Чехия, Словакия",
            "poster": "https://img.imgilall.me/movies/franchise/6/3/5/5/5/0/0/0/0/0/610x900_63555.jpg",
            "imdb": "7.0",
            "kinopoisk": null
        },
        {
            "id": 62916,
            "name": "Новый Ультрамен",
            "year": 2022,
            "quality": "FHD (1080p)",
            "genre": "Фантастика, Боевик",
            "type": "Фильмы",
            "country": "Япония",
            "poster": "https://img.imgilall.me/movies/franchise/6/2/9/1/6/0/0/0/0/0/610x900_62916.jpg",
            "imdb": "6.5",
            "kinopoisk": null
        },
        {
            "id": 63556,
            "name": "Хорошая Би",
            "year": 2022,
            "quality": "FHD (1080p)",
            "genre": "Ужасы, Триллер",
            "type": "Фильмы",
            "country": "США",
            "poster": "https://img.imgilall.me/movies/franchise/6/3/5/5/6/0/0/0/0/0/610x900_63556.jpg",
            "imdb": null,
            "kinopoisk": null
        },
        {
            "id": 63558,
            "name": "Розовый кролик",
            "year": 2022,
            "quality": "FHD (1080p)",
            "genre": "Ужасы, Боевик",
            "type": "Фильмы",
            "country": "Германия",
            "poster": "https://img.imgilall.me/movies/franchise/6/3/5/5/8/0/0/0/0/0/610x900_63558.jpg",
            "imdb": "6.5",
            "kinopoisk": null
        },
        {
            "id": 63559,
            "name": "Заваруха!",
            "year": 2022,
            "quality": "FHD (1080p)",
            "genre": "Комедия, Драма",
            "type": "Фильмы",
            "country": "Нигерия",
            "poster": "https://img.imgilall.me/movies/franchise/6/3/5/5/9/0/0/0/0/0/610x900_63559.jpg",
            "imdb": null,
            "kinopoisk": null
        },
        {
            "id": 63560,
            "name": "Босс",
            "year": 2022,
            "quality": "FHD (1080p)",
            "genre": "Боевик",
            "type": "Фильмы",
            "country": "США",
            "poster": "https://img.imgilall.me/movies/franchise/6/3/5/6/0/0/0/0/0/0/610x900_63560.jpg",
            "imdb": null,
            "kinopoisk": null
        },
        {
            "id": 63561,
            "name": "Ложка сахара",
            "year": 2022,
            "quality": "FHD (1080p)",
            "genre": "Триллер, Драма",
            "type": "Фильмы",
            "country": "США",
            "poster": "https://img.imgilall.me/movies/franchise/6/3/5/6/1/0/0/0/0/0/610x900_63561.jpg",
            "imdb": "6.6",
            "kinopoisk": null
        },
        {
            "id": 63557,
            "name": "Необходимые создания",
            "year": 2022,
            "quality": "FHD (1080p)",
            "genre": "Криминал, Комедия, Триллер",
            "type": "Фильмы",
            "country": "США",
            "poster": "https://img.imgilall.me/movies/franchise/6/3/5/5/7/0/0/0/0/0/610x900_63557.jpg",
            "imdb": "9.0",
            "kinopoisk": null
        },
        {
            "id": 61763,
            "name": "Одни на каникулах",
            "year": 2022,
            "quality": "FHD (1080p)",
            "genre": "Семейный",
            "type": "Фильмы",
            "country": "Нидерланды",
            "poster": "https://img.imgilall.me/movies/franchise/6/1/7/6/3/0/0/0/0/0/610x900_61763.jpg",
            "imdb": null,
            "kinopoisk": null
        },
        {
            "id": 61903,
            "name": "Малибу - Кемпинг для начинающих",
            "year": 2022,
            "quality": "FHD (1080p)",
            "genre": "Комедия, Драма",
            "type": "Фильмы",
            "country": "Германия",
            "poster": "https://img.imgilall.me/movies/franchise/6/1/9/0/3/0/0/0/0/0/610x900_61903.jpg",
            "imdb": "5.2",
            "kinopoisk": null
        },
        {
            "id": 59857,
            "name": "Невидимый убийца",
            "year": 2022,
            "quality": "FHD (1080p)",
            "genre": "Детектив, Триллер, Драма",
            "type": "Фильмы",
            "country": "Корея Южная",
            "poster": "https://img.imgilall.me/movies/franchise/5/9/8/5/7/0/0/0/0/0/610x900_59857.jpg",
            "imdb": "6.5",
            "kinopoisk": "6.6"
        },
        {
            "id": 60371,
            "name": "Сын",
            "year": 2022,
            "quality": "FHD (1080p)",
            "genre": "Драма",
            "type": "Фильмы",
            "country": "Великобритания, Франция",
            "poster": "https://img.imgilall.me/movies/franchise/6/0/3/7/1/0/0/0/0/0/610x900_60371.jpg",
            "imdb": "6.1",
            "kinopoisk": "6.1"
        },
        {
            "id": 59228,
            "name": "Идеальное алиби",
            "year": 2022,
            "quality": "FHD (1080p)",
            "genre": "Триллер",
            "type": "Фильмы",
            "country": "США",
            "poster": "https://img.imgilall.me/movies/franchise/5/9/2/2/8/0/0/0/0/0/610x900_59228.jpg",
            "imdb": null,
            "kinopoisk": null
        },
        {
            "id": 61540,
            "name": "Белль и Себастьян: Новое поколение",
            "year": 2022,
            "quality": "FHD (1080p)",
            "genre": "Приключения, Семейный",
            "type": "Фильмы",
            "country": "Франция",
            "poster": "https://img.imgilall.me/movies/franchise/6/1/5/4/0/0/0/0/0/0/610x900_61540.jpg",
            "imdb": "6.0",
            "kinopoisk": null
        },
        {
            "id": 63475,
            "name": "Четыре самосы",
            "year": 2022,
            "quality": null,
            "genre": "Комедия, Боевик, Мелодрама",
            "type": "Фильмы",
            "country": "США",
            "poster": "https://img.imgilall.me/movies/franchise/6/3/4/7/5/0/0/0/0/0/610x900_63475.jpg",
            "imdb": "6.4",
            "kinopoisk": null
        },
        {
            "id": 61557,
            "name": "Заклятье. Первое причастие",
            "year": 2022,
            "quality": null,
            "genre": "Ужасы",
            "type": "Фильмы",
            "country": "Испания",
            "poster": "https://img.imgilall.me/movies/franchise/6/1/5/5/7/0/0/0/0/0/610x900_61557.jpg",
            "imdb": "5.9",
            "kinopoisk": "5.3"
        },
        {
            "id": 62456,
            "name": "Говорят женщины",
            "year": 2022,
            "quality": "FHD (1080p)",
            "genre": "Драма",
            "type": "Фильмы",
            "country": "США",
            "poster": "https://img.imgilall.me/movies/franchise/6/2/4/5/6/0/0/0/0/0/610x900_62456.jpg",
            "imdb": "7.5",
            "kinopoisk": "5.8"
        },
        {
            "id": 60668,
            "name": "Дурная кровь",
            "year": 2022,
            "quality": "FHD (1080p)",
            "genre": "Криминал, Драма",
            "type": "Фильмы",
            "country": "Италия",
            "poster": "https://img.imgilall.me/movies/franchise/6/0/6/6/8/0/0/0/0/0/610x900_60668.jpg",
            "imdb": "6.2",
            "kinopoisk": null
        },
        {
            "id": 62079,
            "name": "Герой боевиков",
            "year": 2022,
            "quality": "FHD (1080p)",
            "genre": "Комедия, Боевик",
            "type": "Фильмы",
            "country": "Индия",
            "poster": "https://img.imgilall.me/movies/franchise/6/2/0/7/9/0/0/0/0/0/610x900_62079.jpg",
            "imdb": "7.9",
            "kinopoisk": null
        }
    ]
}