{
    "data": [
        {
            "id": 60847,
            "name": "Влюбись, если сможешь",
            "year": 2022,
            "quality": "HD (720p)",
            "genre": "Реальное ТВ",
            "type": "ТВ-Шоу",
            "country": "Россия",
            "poster": "https://img.imgilall.me/movies/franchise/6/0/8/4/7/0/0/0/0/0/610x900_60847.jpg",
            "imdb": null,
            "kinopoisk": null
        },
        {
            "id": 60980,
            "name": "Сердце Ивлеевой",
            "year": 2022,
            "quality": "HD (720p)",
            "genre": "Реальное ТВ",
            "type": "ТВ-Шоу",
            "country": "Россия",
            "poster": "https://img.imgilall.me/movies/franchise/6/0/9/8/0/0/0/0/0/0/610x900_60980.jpeg",
            "imdb": null,
            "kinopoisk": null
        },
        {
            "id": 60797,
            "name": "Концерты",
            "year": 2022,
            "quality": "FHD (1080p)",
            "genre": "Развлекательный",
            "type": "ТВ-Шоу",
            "country": "Россия",
            "poster": "https://img.imgilall.me/movies/franchise/6/0/7/9/7/0/0/0/0/0/610x900_60797.jpg",
            "imdb": null,
            "kinopoisk": null
        },
        {
            "id": 61075,
            "name": "Наследники и самозванцы",
            "year": 2022,
            "quality": "FHD (1080p)",
            "genre": "Приключения, Реальное ТВ",
            "type": "ТВ-Шоу",
            "country": "Россия",
            "poster": "https://img.imgilall.me/movies/franchise/6/1/0/7/5/0/0/0/0/0/610x900_61075.jpg",
            "imdb": null,
            "kinopoisk": null
        },
        {
            "id": 56069,
            "name": "Кардашьян",
            "year": 2022,
            "quality": "FHD (1080p)",
            "genre": "Реальное ТВ",
            "type": "ТВ-Шоу",
            "country": "США, Великобритания",
            "poster": "https://img.imgilall.me/movies/franchise/5/6/0/6/9/0/0/0/0/0/610x900_56069.jpg",
            "imdb": "4.2",
            "kinopoisk": null
        },
        {
            "id": 59685,
            "name": "Новая Битва экстрасенсов",
            "year": 2022,
            "quality": "FHD (1080p)",
            "genre": "Документальный",
            "type": "ТВ-Шоу",
            "country": "Россия",
            "poster": "https://img.imgilall.me/movies/franchise/5/9/6/8/5/0/0/0/0/0/610x900_59685.jpg",
            "imdb": null,
            "kinopoisk": null
        },
        {
            "id": 60849,
            "name": "Это миниатюры",
            "year": 2022,
            "quality": "FHD (1080p)",
            "genre": "Развлекательный",
            "type": "ТВ-Шоу",
            "country": "Россия",
            "poster": "https://img.imgilall.me/movies/franchise/6/0/8/4/9/0/0/0/0/0/610x900_60849.jpg",
            "imdb": null,
            "kinopoisk": null
        },
        {
            "id": 56249,
            "name": "Битва шефов",
            "year": 2022,
            "quality": "FHD (1080p)",
            "genre": "Развлекательный",
            "type": "ТВ-Шоу",
            "country": "Россия",
            "poster": "https://img.imgilall.me/movies/franchise/5/6/2/4/9/0/0/0/0/0/610x900_56249.jpeg",
            "imdb": null,
            "kinopoisk": null
        },
        {
            "id": 59693,
            "name": "Мистер X",
            "year": 2022,
            "quality": "FHD (1080p)",
            "genre": "Реальное ТВ",
            "type": "ТВ-Шоу",
            "country": "Россия",
            "poster": "https://img.imgilall.me/movies/franchise/5/9/6/9/3/0/0/0/0/0/610x900_59693.jpg",
            "imdb": null,
            "kinopoisk": null
        },
        {
            "id": 59539,
            "name": "Аватар",
            "year": 2022,
            "quality": "FHD (1080p)",
            "genre": "Развлекательный",
            "type": "ТВ-Шоу",
            "country": "Россия",
            "poster": "https://img.imgilall.me/movies/franchise/5/9/5/3/9/0/0/0/0/0/610x900_59539.jpg",
            "imdb": null,
            "kinopoisk": null
        },
        {
            "id": 59257,
            "name": "Адский шеф",
            "year": 2022,
            "quality": "FHD (1080p)",
            "genre": "Развлекательный",
            "type": "ТВ-Шоу",
            "country": "Россия",
            "poster": "https://img.imgilall.me/movies/franchise/5/9/2/5/7/0/0/0/0/0/610x900_59257.jpg",
            "imdb": null,
            "kinopoisk": null
        },
        {
            "id": 60475,
            "name": "Вызов",
            "year": 2022,
            "quality": "HD (720p)",
            "genre": "Развлекательный",
            "type": "ТВ-Шоу",
            "country": "Россия",
            "poster": "https://img.imgilall.me/movies/franchise/6/0/4/7/5/0/0/0/0/0/610x900_60475.jpg",
            "imdb": null,
            "kinopoisk": null
        },
        {
            "id": 60233,
            "name": "Маска. Танцы",
            "year": 2022,
            "quality": "FHD (1080p)",
            "genre": "Реальное ТВ",
            "type": "ТВ-Шоу",
            "country": "Россия",
            "poster": "https://img.imgilall.me/movies/franchise/6/0/2/3/3/0/0/0/0/0/610x900_60233.jpg",
            "imdb": null,
            "kinopoisk": null
        },
        {
            "id": 58658,
            "name": "Тревел Баттл",
            "year": 2022,
            "quality": "FHD (1080p)",
            "genre": "Развлекательный",
            "type": "ТВ-Шоу",
            "country": "Россия",
            "poster": "https://img.imgilall.me/movies/franchise/5/8/6/5/8/0/0/0/0/0/610x900_58658.jpg",
            "imdb": null,
            "kinopoisk": null
        },
        {
            "id": 60684,
            "name": "Крот",
            "year": 2022,
            "quality": "FHD (1080p)",
            "genre": "Приключения, Детектив, Реальное ТВ",
            "type": "ТВ-Шоу",
            "country": "США",
            "poster": "https://img.imgilall.me/movies/franchise/6/0/6/8/4/0/0/0/0/0/610x900_60684.jpg",
            "imdb": "7.9",
            "kinopoisk": null
        },
        {
            "id": 54638,
            "name": "Детектор",
            "year": 2022,
            "quality": "FHD (1080p)",
            "genre": "Развлекательный",
            "type": "ТВ-Шоу",
            "country": "Россия",
            "poster": "https://img.imgilall.me/movies/franchise/5/4/6/3/8/0/0/0/0/0/610x900_54638.jpg",
            "imdb": null,
            "kinopoisk": null
        },
        {
            "id": 57390,
            "name": "Модные игры",
            "year": 2022,
            "quality": "SD",
            "genre": "Развлекательный",
            "type": "ТВ-Шоу",
            "country": "Россия",
            "poster": "https://img.imgilall.me/movies/franchise/5/7/3/9/0/0/0/0/0/0/610x900_57390.jpg",
            "imdb": null,
            "kinopoisk": null
        },
        {
            "id": 55889,
            "name": "Шеф-повар следующего уровня",
            "year": 2022,
            "quality": "HD (720p)",
            "genre": "Развлекательный, Реальное ТВ",
            "type": "ТВ-Шоу",
            "country": "США",
            "poster": "https://img.imgilall.me/movies/franchise/5/5/8/8/9/0/0/0/0/0/610x900_55889.jpg",
            "imdb": "6.6",
            "kinopoisk": null
        },
        {
            "id": 61115,
            "name": "Женский клуб",
            "year": 2022,
            "quality": "FHD (1080p)",
            "genre": "Развлекательный",
            "type": "ТВ-Шоу",
            "country": "Россия",
            "poster": "https://img.imgilall.me/movies/franchise/6/1/1/1/5/0/0/0/0/0/610x900_61115.jpg",
            "imdb": null,
            "kinopoisk": null
        },
        {
            "id": 56794,
            "name": "Гордон Рамзи открывает звёзд кулинарии",
            "year": 2022,
            "quality": "FHD (1080p)",
            "genre": "Реальное ТВ",
            "type": "ТВ-Шоу",
            "country": "Великобритания",
            "poster": "https://img.imgilall.me/movies/franchise/5/6/7/9/4/0/0/0/0/0/610x900_56794.jpg",
            "imdb": "5.1",
            "kinopoisk": null
        },
        {
            "id": 61248,
            "name": "Большой кэш",
            "year": 2022,
            "quality": "FHD (1080p)",
            "genre": "Развлекательный",
            "type": "ТВ-Шоу",
            "country": "Россия",
            "poster": "https://img.imgilall.me/movies/franchise/6/1/2/4/8/0/0/0/0/0/610x900_61248.jpg",
            "imdb": null,
            "kinopoisk": null
        },
        {
            "id": 60032,
            "name": "Битва поколений",
            "year": 2022,
            "quality": "FHD (1080p)",
            "genre": "Ток-шоу, Музыка",
            "type": "ТВ-Шоу",
            "country": "Россия",
            "poster": "https://img.imgilall.me/movies/franchise/6/0/0/3/2/0/0/0/0/0/610x900_60032.jpg",
            "imdb": null,
            "kinopoisk": null
        },
        {
            "id": 57678,
            "name": "Рабы любви",
            "year": 2022,
            "quality": "FHD (1080p)",
            "genre": "Развлекательный, Реальное ТВ",
            "type": "ТВ-Шоу",
            "country": "Россия",
            "poster": "https://img.imgilall.me/movies/franchise/5/7/6/7/8/0/0/0/0/0/610x900_57678.jpg",
            "imdb": null,
            "kinopoisk": null
        },
        {
            "id": 60033,
            "name": "Фантастика",
            "year": 2022,
            "quality": "SD",
            "genre": "Развлекательный",
            "type": "ТВ-Шоу",
            "country": "Россия",
            "poster": "https://img.imgilall.me/movies/franchise/6/0/0/3/3/0/0/0/0/0/610x900_60033.jpg",
            "imdb": null,
            "kinopoisk": null
        },
        {
            "id": 60913,
            "name": "Галустян плюс / Галустян+",
            "year": 2022,
            "quality": "FHD (1080p)",
            "genre": "Развлекательный, Комедия",
            "type": "ТВ-Шоу",
            "country": "Россия",
            "poster": "https://img.imgilall.me/movies/franchise/6/0/9/1/3/0/0/0/0/0/610x900_60913.jpg",
            "imdb": null,
            "kinopoisk": null
        },
        {
            "id": 61677,
            "name": "Краш",
            "year": 2022,
            "quality": "FHD (1080p)",
            "genre": "Развлекательный",
            "type": "ТВ-Шоу",
            "country": "Россия",
            "poster": "https://img.imgilall.me/movies/franchise/6/1/6/7/7/0/0/0/0/0/610x900_61677.jpg",
            "imdb": null,
            "kinopoisk": null
        },
        {
            "id": 59258,
            "name": "Четыре дачи",
            "year": 2022,
            "quality": "SD",
            "genre": "Развлекательный",
            "type": "ТВ-Шоу",
            "country": "Россия",
            "poster": "https://img.imgilall.me/movies/franchise/5/9/2/5/8/0/0/0/0/0/610x900_59258.jpeg",
            "imdb": null,
            "kinopoisk": null
        },
        {
            "id": 60713,
            "name": "Король десертов",
            "year": 2022,
            "quality": "SD",
            "genre": "Развлекательный",
            "type": "ТВ-Шоу",
            "country": "Россия",
            "poster": "https://img.imgilall.me/movies/franchise/6/0/7/1/3/0/0/0/0/0/610x900_60713.jpg",
            "imdb": null,
            "kinopoisk": null
        },
        {
            "id": 57662,
            "name": "Зовите шефа",
            "year": 2022,
            "quality": "SD",
            "genre": "Развлекательный",
            "type": "ТВ-Шоу",
            "country": "Россия",
            "poster": "https://img.imgilall.me/movies/franchise/5/7/6/6/2/0/0/0/0/0/610x900_57662.jpeg",
            "imdb": null,
            "kinopoisk": null
        },
        {
            "id": 55929,
            "name": "Жидковские штучки",
            "year": 2022,
            "quality": "FHD (1080p)",
            "genre": "Развлекательный",
            "type": "ТВ-Шоу",
            "country": "Россия",
            "poster": "https://img.imgilall.me/movies/franchise/5/5/9/2/9/0/0/0/0/0/610x900_55929.jpeg",
            "imdb": null,
            "kinopoisk": null
        },
        {
            "id": 61629,
            "name": "Теперь я босс онлайн",
            "year": 2022,
            "quality": "FHD (1080p)",
            "genre": "Развлекательный",
            "type": "ТВ-Шоу",
            "country": "Россия",
            "poster": "https://img.imgilall.me/movies/franchise/6/1/6/2/9/0/0/0/0/0/610x900_61629.jpeg",
            "imdb": null,
            "kinopoisk": null
        },
        {
            "id": 58791,
            "name": "Интуристы",
            "year": 2022,
            "quality": "FHD (1080p)",
            "genre": "Реальное ТВ",
            "type": "ТВ-Шоу",
            "country": "Россия",
            "poster": "https://img.imgilall.me/movies/franchise/5/8/7/9/1/0/0/0/0/0/610x900_58791.jpg",
            "imdb": null,
            "kinopoisk": null
        },
        {
            "id": 56234,
            "name": "The Ultimatum: Marry or Move On",
            "year": 2022,
            "quality": "HD (720p)",
            "genre": "Реальное ТВ",
            "type": "ТВ-Шоу",
            "country": "США",
            "poster": "https://img.imgilall.me/movies/franchise/5/6/2/3/4/0/0/0/0/0/610x900_56234.jpg",
            "imdb": "5.5",
            "kinopoisk": null
        },
        {
            "id": 59684,
            "name": "Улыбка на ночь",
            "year": 2022,
            "quality": "FHD (1080p)",
            "genre": "Развлекательный",
            "type": "ТВ-Шоу",
            "country": "Россия",
            "poster": "https://img.imgilall.me/movies/franchise/5/9/6/8/4/0/0/0/0/0/610x900_59684.jpg",
            "imdb": null,
            "kinopoisk": null
        },
        {
            "id": 61761,
            "name": "Руссо Экспрессо",
            "year": 2022,
            "quality": "FHD (1080p)",
            "genre": "Путешествия",
            "type": "ТВ-Шоу",
            "country": "Россия",
            "poster": "https://img.imgilall.me/movies/franchise/6/1/7/6/1/0/0/0/0/0/610x900_61761.jpeg",
            "imdb": null,
            "kinopoisk": null
        },
        {
            "id": 61322,
            "name": "Теперь я босс под прикрытием",
            "year": 2022,
            "quality": "FHD (1080p)",
            "genre": "Развлекательный",
            "type": "ТВ-Шоу",
            "country": "Россия",
            "poster": "https://img.imgilall.me/movies/franchise/6/1/3/2/2/0/0/0/0/0/610x900_61322.jpg",
            "imdb": null,
            "kinopoisk": null
        },
        {
            "id": 62305,
            "name": "Ралли. Дакар 2023",
            "year": 2022,
            "quality": "FHD (1080p)",
            "genre": "Развлекательный, Спортивный",
            "type": "ТВ-Шоу",
            "country": "Россия",
            "poster": "https://img.imgilall.me/movies/franchise/6/2/3/0/5/0/0/0/0/0/610x900_62305.jpeg",
            "imdb": null,
            "kinopoisk": null
        },
        {
            "id": 61695,
            "name": "Здесь был Палыч",
            "year": 2022,
            "quality": "FHD (1080p)",
            "genre": "Развлекательный",
            "type": "ТВ-Шоу",
            "country": "Россия",
            "poster": "https://img.imgilall.me/movies/franchise/6/1/6/9/5/0/0/0/0/0/610x900_61695.jpg",
            "imdb": null,
            "kinopoisk": null
        },
        {
            "id": 55928,
            "name": "Крутые 90-е с Идой Галич",
            "year": 2022,
            "quality": "FHD (1080p)",
            "genre": "Документальный",
            "type": "ТВ-Шоу",
            "country": "Россия",
            "poster": "https://img.imgilall.me/movies/franchise/5/5/9/2/8/0/0/0/0/0/610x900_55928.jpeg",
            "imdb": null,
            "kinopoisk": null
        },
        {
            "id": 54100,
            "name": "Не дрогни!",
            "year": 2022,
            "quality": "FHD (1080p)",
            "genre": "Развлекательный, Реальное ТВ",
            "type": "ТВ-Шоу",
            "country": "Россия",
            "poster": "https://img.imgilall.me/movies/franchise/5/4/1/0/0/0/0/0/0/0/610x900_54100.jpg",
            "imdb": null,
            "kinopoisk": null
        },
        {
            "id": 60474,
            "name": "Оторвы",
            "year": 2022,
            "quality": "HD (720p)",
            "genre": "Развлекательный",
            "type": "ТВ-Шоу",
            "country": "Россия",
            "poster": "https://img.imgilall.me/movies/franchise/6/0/4/7/4/0/0/0/0/0/610x900_60474.jpg",
            "imdb": null,
            "kinopoisk": null
        },
        {
            "id": 59259,
            "name": "Поехали",
            "year": 2022,
            "quality": "HD (720p)",
            "genre": "Развлекательный",
            "type": "ТВ-Шоу",
            "country": "Россия",
            "poster": "https://img.imgilall.me/movies/franchise/5/9/2/5/9/0/0/0/0/0/610x900_59259.jpg",
            "imdb": null,
            "kinopoisk": null
        },
        {
            "id": 60714,
            "name": "За едой",
            "year": 2022,
            "quality": "SD",
            "genre": "Развлекательный",
            "type": "ТВ-Шоу",
            "country": "Россия",
            "poster": "https://img.imgilall.me/movies/franchise/6/0/7/1/4/0/0/0/0/0/610x900_60714.jpg",
            "imdb": null,
            "kinopoisk": null
        },
        {
            "id": 59410,
            "name": "Королевские гонки: Италия",
            "year": 2022,
            "quality": "FHD (1080p)",
            "genre": "Развлекательный",
            "type": "ТВ-Шоу",
            "country": "Италия",
            "poster": "https://img.imgilall.me/movies/franchise/5/9/4/1/0/0/0/0/0/0/610x900_59410.jpg",
            "imdb": null,
            "kinopoisk": null
        },
        {
            "id": 60204,
            "name": "Дом исполнения желаний с Еленой Блиновской",
            "year": 2022,
            "quality": "FHD (1080p)",
            "genre": "Развлекательный",
            "type": "ТВ-Шоу",
            "country": "Россия",
            "poster": "https://img.imgilall.me/movies/franchise/6/0/2/0/4/0/0/0/0/0/610x900_60204.jfif",
            "imdb": null,
            "kinopoisk": null
        },
        {
            "id": 63020,
            "name": "Новое общество",
            "year": 2022,
            "quality": null,
            "genre": "Документальный",
            "type": "ТВ-Шоу",
            "country": "Россия",
            "poster": "https://img.imgilall.me/movies/franchise/6/3/0/2/0/0/0/0/0/0/610x900_63020.jpg",
            "imdb": null,
            "kinopoisk": null
        },
        {
            "id": 55690,
            "name": "Шоу Талант",
            "year": 2022,
            "quality": "FHD (1080p)",
            "genre": "Развлекательный",
            "type": "ТВ-Шоу",
            "country": "Россия",
            "poster": "https://img.imgilall.me/movies/franchise/5/5/6/9/0/0/0/0/0/0/610x900_55690.jpg",
            "imdb": null,
            "kinopoisk": null
        },
        {
            "id": 62199,
            "name": "Песня года",
            "year": 2022,
            "quality": "FHD (1080p)",
            "genre": "Развлекательный, Музыка",
            "type": "ТВ-Шоу",
            "country": "Россия",
            "poster": "https://img.imgilall.me/movies/franchise/6/2/1/9/9/0/0/0/0/0/610x900_62199.jpg",
            "imdb": null,
            "kinopoisk": null
        },
        {
            "id": 56055,
            "name": "Бузова на кухне",
            "year": 2022,
            "quality": "FHD (1080p)",
            "genre": "Развлекательный",
            "type": "ТВ-Шоу",
            "country": "Россия",
            "poster": "https://img.imgilall.me/movies/franchise/5/6/0/5/5/0/0/0/0/0/610x900_56055.jpg",
            "imdb": null,
            "kinopoisk": null
        },
        {
            "id": 60297,
            "name": "Пространства в России",
            "year": 2022,
            "quality": "HD (720p)",
            "genre": "Развлекательный",
            "type": "ТВ-Шоу",
            "country": "Россия",
            "poster": "https://img.imgilall.me/movies/franchise/6/0/2/9/7/0/0/0/0/0/610x900_60297.jpg",
            "imdb": null,
            "kinopoisk": null
        }
    ]
}