{
    "data": [
        {
            "id": 57437,
            "name": "Кот в сапогах 2: Последнее желание",
            "year": 2022,
            "quality": "FHD (1080p)",
            "genre": "Приключения, Комедия",
            "type": "Мультфильмы",
            "country": "США",
            "poster": "https://img.imgilall.me/movies/franchise/5/7/4/3/7/0/0/0/0/0/610x900_57437.jpg",
            "kinopoisk": "8.1",
            "imdb": "7.8"
        },
        {
            "id": 54748,
            "name": "Я краснею",
            "year": 2022,
            "quality": "FHD (1080p)",
            "genre": "Приключения, Фэнтези, Семейный, Комедия",
            "type": "Мультфильмы",
            "country": "США",
            "poster": "https://img.imgilall.me/movies/franchise/5/4/7/4/8/0/0/0/0/0/610x900_54748.jpg",
            "kinopoisk": "7.1",
            "imdb": "7.0"
        },
        {
            "id": 53597,
            "name": "Плохие парни",
            "year": 2022,
            "quality": "FHD (1080p)",
            "genre": "Криминал, Приключения, Семейный, Комедия",
            "type": "Мультфильмы",
            "country": "США",
            "poster": "https://img.imgilall.me/movies/franchise/5/3/5/9/7/0/0/0/0/0/610x900_53597.jpg",
            "kinopoisk": "7.2",
            "imdb": "6.8"
        },
        {
            "id": 56800,
            "name": "Удача",
            "year": 2022,
            "quality": "FHD (1080p)",
            "genre": "Приключения, Фэнтези, Семейный, Комедия",
            "type": "Мультфильмы",
            "country": "США, Испания",
            "poster": "https://img.imgilall.me/movies/franchise/5/6/8/0/0/0/0/0/0/0/610x900_56800.jpg",
            "kinopoisk": "7.3",
            "imdb": "6.4"
        },
        {
            "id": 15161,
            "name": "Миньоны: Грювитация",
            "year": 2022,
            "quality": "FHD (1080p)",
            "genre": "Приключения, Семейный, Комедия",
            "type": "Мультфильмы",
            "country": "США",
            "poster": "https://img.imgilall.me/movies/franchise/1/5/1/6/1/0/0/0/0/0/610x900_15161.jpg",
            "kinopoisk": "6.9",
            "imdb": "7.1"
        },
        {
            "id": 57144,
            "name": "Морской монстр",
            "year": 2022,
            "quality": "FHD (1080p)",
            "genre": "Приключения, Фэнтези, Семейный, Комедия",
            "type": "Мультфильмы",
            "country": "США",
            "poster": "https://img.imgilall.me/movies/franchise/5/7/1/4/4/0/0/0/0/0/610x900_57144.jpg",
            "kinopoisk": null,
            "imdb": null
        },
        {
            "id": 60706,
            "name": "Иван Царевич и Серый Волк 5",
            "year": 2022,
            "quality": "HD (720p)",
            "genre": "Приключения, Семейный",
            "type": "Мультфильмы",
            "country": "Россия",
            "poster": "https://img.imgilall.me/movies/franchise/6/0/7/0/6/0/0/0/0/0/610x900_60706.jpg",
            "kinopoisk": null,
            "imdb": null
        },
        {
            "id": 60132,
            "name": "Изумительный Морис",
            "year": 2022,
            "quality": "FHD (1080p)",
            "genre": "Семейный",
            "type": "Мультфильмы",
            "country": "США, Великобритания, Германия",
            "poster": "https://img.imgilall.me/movies/franchise/6/0/1/3/2/0/0/0/0/0/610x900_60132.jpg",
            "kinopoisk": null,
            "imdb": null
        },
        {
            "id": 61535,
            "name": "Маша и Медведь в кино: 12 месяцев",
            "year": 2022,
            "quality": "FHD (1080p)",
            "genre": "Детский",
            "type": "Мультфильмы",
            "country": "Россия",
            "poster": "https://img.imgilall.me/movies/franchise/6/1/5/3/5/0/0/0/0/0/610x900_61535.jpg",
            "kinopoisk": null,
            "imdb": null
        },
        {
            "id": 57204,
            "name": "Странный мир",
            "year": 2022,
            "quality": "FHD (1080p)",
            "genre": "Приключения, Фантастика, Семейный, Комедия",
            "type": "Мультфильмы",
            "country": "США",
            "poster": "https://img.imgilall.me/movies/franchise/5/7/2/0/4/0/0/0/0/0/610x900_57204.jpg",
            "kinopoisk": "5.5",
            "imdb": "5.6"
        },
        {
            "id": 53596,
            "name": "Суперпитомцы",
            "year": 2022,
            "quality": "FHD (1080p)",
            "genre": "Криминал, Приключения, Фантастика, Фэнтези, Семейный, Комедия, Боевик",
            "type": "Мультфильмы",
            "country": "США",
            "poster": "https://img.imgilall.me/movies/franchise/5/3/5/9/6/0/0/0/0/0/610x900_53596.jpg",
            "kinopoisk": "6.6",
            "imdb": "7.5"
        },
        {
            "id": 56330,
            "name": "Базз Лайтер",
            "year": 2022,
            "quality": "FHD (1080p)",
            "genre": "Приключения, Фантастика, Семейный, Боевик, Драма",
            "type": "Мультфильмы",
            "country": "США",
            "poster": "https://img.imgilall.me/movies/franchise/5/6/3/3/0/0/0/0/0/0/610x900_56330.jpg",
            "kinopoisk": null,
            "imdb": null
        },
        {
            "id": 56197,
            "name": "Пес-самурай и город кошек",
            "year": 2022,
            "quality": "FHD (1080p)",
            "genre": "Семейный, Комедия, Боевик",
            "type": "Мультфильмы",
            "country": "США, Великобритания, Китай",
            "poster": "https://img.imgilall.me/movies/franchise/5/6/1/9/7/0/0/0/0/0/610x900_56197.jpg",
            "kinopoisk": "6.6",
            "imdb": "5.6"
        },
        {
            "id": 54433,
            "name": "Ледниковый период: Приключения Бака",
            "year": 2022,
            "quality": "FHD (1080p)",
            "genre": "Приключения, Семейный, Комедия",
            "type": "Мультфильмы",
            "country": "США",
            "poster": "https://img.imgilall.me/movies/franchise/5/4/4/3/3/0/0/0/0/0/610x900_54433.jpg",
            "kinopoisk": null,
            "imdb": "4.2"
        },
        {
            "id": 61560,
            "name": "Рок дог 3: Битва за бит",
            "year": 2022,
            "quality": null,
            "genre": "Приключения, Семейный, Комедия, Мелодрама, Музыка",
            "type": "Мультфильмы",
            "country": "США, Китай",
            "poster": "https://img.imgilall.me/movies/franchise/6/1/5/6/0/0/0/0/0/0/610x900_61560.jpg",
            "kinopoisk": null,
            "imdb": null
        },
        {
            "id": 53630,
            "name": "Кролецып и Хомяк Тьмы",
            "year": 2022,
            "quality": "HD (720p)",
            "genre": "Приключения, Семейный, Комедия",
            "type": "Мультфильмы",
            "country": "Франция, Бельгия",
            "poster": "https://img.imgilall.me/movies/franchise/5/3/6/3/0/0/0/0/0/0/610x900_53630.jpg",
            "kinopoisk": null,
            "imdb": null
        },
        {
            "id": 61593,
            "name": "Босс-молокосос: Рождественский бонус",
            "year": 2022,
            "quality": "FHD (1080p)",
            "genre": "Семейный",
            "type": "Мультфильмы",
            "country": "США",
            "poster": "https://img.imgilall.me/movies/franchise/6/1/5/9/3/0/0/0/0/0/610x900_61593.jpg",
            "kinopoisk": null,
            "imdb": "5.6"
        },
        {
            "id": 58965,
            "name": "Легенды «Смертельной битвы»: Снежная слепота",
            "year": 2022,
            "quality": "FHD (1080p)",
            "genre": "Приключения, Фэнтези, Боевик",
            "type": "Мультфильмы",
            "country": "США",
            "poster": "https://img.imgilall.me/movies/franchise/5/8/9/6/5/0/0/0/0/0/610x900_58965.jpg",
            "kinopoisk": null,
            "imdb": null
        },
        {
            "id": 56731,
            "name": "Чип и Дейл спешат на помощь",
            "year": 2022,
            "quality": "FHD (1080p)",
            "genre": "Приключения, Семейный, Детектив, Комедия",
            "type": "Мультфильмы",
            "country": "США",
            "poster": "https://img.imgilall.me/movies/franchise/5/6/7/3/1/0/0/0/0/0/610x900_56731.jpg",
            "kinopoisk": null,
            "imdb": "7.3"
        },
        {
            "id": 63066,
            "name": "Приключения аргонавтов",
            "year": 2022,
            "quality": "TS",
            "genre": "Приключения, Семейный, Комедия",
            "type": "Мультфильмы",
            "country": "Франция",
            "poster": "https://img.imgilall.me/movies/franchise/6/3/0/6/6/0/0/0/0/0/610x900_63066.jpg",
            "kinopoisk": null,
            "imdb": "7.4"
        },
        {
            "id": 53626,
            "name": "Пламенное сердце",
            "year": 2022,
            "quality": "FHD (1080p)",
            "genre": "Приключения, Семейный, Комедия",
            "type": "Мультфильмы",
            "country": "Канада, Франция",
            "poster": "https://img.imgilall.me/movies/franchise/5/3/6/2/6/0/0/0/0/0/610x900_53626.jpg",
            "kinopoisk": null,
            "imdb": null
        },
        {
            "id": 56440,
            "name": "Кощей. Похититель невест",
            "year": 2022,
            "quality": "FHD (1080p)",
            "genre": "Приключения, Фэнтези, Семейный, Комедия, Мелодрама",
            "type": "Мультфильмы",
            "country": "Россия",
            "poster": "https://img.imgilall.me/movies/franchise/5/6/4/4/0/0/0/0/0/0/610x900_56440.jpg",
            "kinopoisk": null,
            "imdb": null
        },
        {
            "id": 61650,
            "name": "Ночь в музее: Новое воскрешение Камунра",
            "year": 2022,
            "quality": "FHD (1080p)",
            "genre": "Приключения, Фэнтези, Семейный, Комедия",
            "type": "Мультфильмы",
            "country": "США",
            "poster": "https://img.imgilall.me/movies/franchise/6/1/6/5/0/0/0/0/0/0/610x900_61650.jpg",
            "kinopoisk": null,
            "imdb": null
        },
        {
            "id": 60998,
            "name": "Тэд-путешественник и изумрудная скрижаль",
            "year": 2022,
            "quality": "FHD (1080p)",
            "genre": "Приключения, Семейный, Комедия",
            "type": "Мультфильмы",
            "country": "Испания",
            "poster": "https://img.imgilall.me/movies/franchise/6/0/9/9/8/0/0/0/0/0/610x900_60998.jpg",
            "kinopoisk": null,
            "imdb": "6.0"
        },
        {
            "id": 58059,
            "name": "Гостья из космоса",
            "year": 2022,
            "quality": "FHD (1080p)",
            "genre": "Семейный",
            "type": "Мультфильмы",
            "country": "Дания",
            "poster": "https://img.imgilall.me/movies/franchise/5/8/0/5/9/0/0/0/0/0/610x900_58059.jpg",
            "kinopoisk": null,
            "imdb": null
        },
        {
            "id": 62019,
            "name": "Мальчик, крот, лис и лошадь",
            "year": 2022,
            "quality": "FHD (1080p)",
            "genre": "Семейный",
            "type": "Мультфильмы",
            "country": "США",
            "poster": "https://img.imgilall.me/movies/franchise/6/2/0/1/9/0/0/0/0/0/610x900_62019.jpg",
            "kinopoisk": null,
            "imdb": "8.2"
        },
        {
            "id": 54751,
            "name": "Суворов: Великое путешествие",
            "year": 2022,
            "quality": "FHD (1080p)",
            "genre": "Приключения, Исторический, Биографический",
            "type": "Мультфильмы",
            "country": "Россия",
            "poster": "https://img.imgilall.me/movies/franchise/5/4/7/5/1/0/0/0/0/0/610x900_54751.jpg",
            "kinopoisk": "6.0",
            "imdb": null
        },
        {
            "id": 58609,
            "name": "Барбоскины Team",
            "year": 2022,
            "quality": "FHD (1080p)",
            "genre": "Мюзикл",
            "type": "Мультфильмы",
            "country": "Россия",
            "poster": "https://img.imgilall.me/movies/franchise/5/8/6/0/9/0/0/0/0/0/610x900_58609.jpg",
            "kinopoisk": null,
            "imdb": null
        },
        {
            "id": 54754,
            "name": "Финник",
            "year": 2022,
            "quality": "FHD (1080p)",
            "genre": "",
            "type": "Мультфильмы",
            "country": "Россия",
            "poster": "https://img.imgilall.me/movies/franchise/5/4/7/5/4/0/0/0/0/0/610x900_54754.jpg",
            "kinopoisk": null,
            "imdb": null
        },
        {
            "id": 60856,
            "name": "Щелкунчик и волшебная флейта",
            "year": 2022,
            "quality": "FHD (1080p)",
            "genre": "Фэнтези",
            "type": "Мультфильмы",
            "country": "Россия",
            "poster": "https://img.imgilall.me/movies/franchise/6/0/8/5/6/0/0/0/0/0/610x900_60856.jpg",
            "kinopoisk": null,
            "imdb": null
        },
        {
            "id": 60836,
            "name": "Чинк: Хвостатый детектив",
            "year": 2022,
            "quality": "FHD (1080p)",
            "genre": "Приключения, Детский, Семейный, Детектив",
            "type": "Мультфильмы",
            "country": "Россия",
            "poster": "https://img.imgilall.me/movies/franchise/6/0/8/3/6/0/0/0/0/0/610x900_60836.jpg",
            "kinopoisk": null,
            "imdb": null
        },
        {
            "id": 58612,
            "name": "Царство против разбойников",
            "year": 2022,
            "quality": "FHD (1080p)",
            "genre": "",
            "type": "Мультфильмы",
            "country": "Россия",
            "poster": "https://img.imgilall.me/movies/franchise/5/8/6/1/2/0/0/0/0/0/610x900_58612.jpg",
            "kinopoisk": null,
            "imdb": "3.2"
        },
        {
            "id": 59650,
            "name": "Большое путешествие. Специальная доставка",
            "year": 2022,
            "quality": "FHD (1080p)",
            "genre": "",
            "type": "Мультфильмы",
            "country": "Россия",
            "poster": "https://img.imgilall.me/movies/franchise/5/9/6/5/0/0/0/0/0/0/610x900_59650.jpg",
            "kinopoisk": null,
            "imdb": null
        },
        {
            "id": 53591,
            "name": "Побег из космоса",
            "year": 2022,
            "quality": "FHD (1080p)",
            "genre": "Приключения, Фантастика, Боевик",
            "type": "Мультфильмы",
            "country": "Китай",
            "poster": "https://img.imgilall.me/movies/franchise/5/3/5/9/1/0/0/0/0/0/610x900_53591.jpg",
            "kinopoisk": null,
            "imdb": "6.6"
        },
        {
            "id": 61247,
            "name": "Скрудж: Рождественская песнь",
            "year": 2022,
            "quality": "FHD (1080p)",
            "genre": "Приключения, Фэнтези, Мюзикл, Семейный, Комедия, Драма",
            "type": "Мультфильмы",
            "country": "США, Великобритания",
            "poster": "https://img.imgilall.me/movies/franchise/6/1/2/4/7/0/0/0/0/0/610x900_61247.jpg",
            "kinopoisk": null,
            "imdb": "6.2"
        },
        {
            "id": 60197,
            "name": "Скуби-Ду: Шалость или сладость",
            "year": 2022,
            "quality": "FHD (1080p)",
            "genre": "Приключения, Семейный, Детектив, Комедия",
            "type": "Мультфильмы",
            "country": "США",
            "poster": "https://img.imgilall.me/movies/franchise/6/0/1/9/7/0/0/0/0/0/610x900_60197.jpg",
            "kinopoisk": null,
            "imdb": null
        },
        {
            "id": 60252,
            "name": "Маленький Николя",
            "year": 2022,
            "quality": "FHD (1080p)",
            "genre": "Семейный",
            "type": "Мультфильмы",
            "country": "Франция, Люксембург",
            "poster": "https://img.imgilall.me/movies/franchise/6/0/2/5/2/0/0/0/0/0/610x900_60252.jpg",
            "kinopoisk": "8.3",
            "imdb": "7.3"
        },
        {
            "id": 61131,
            "name": "Том и Джерри: Страна снеговиков",
            "year": 2022,
            "quality": "FHD (1080p)",
            "genre": "Приключения, Фэнтези, Семейный, Комедия",
            "type": "Мультфильмы",
            "country": "США",
            "poster": "https://img.imgilall.me/movies/franchise/6/1/1/3/1/0/0/0/0/0/610x900_61131.jpg",
            "kinopoisk": null,
            "imdb": null
        },
        {
            "id": 58057,
            "name": "Икар",
            "year": 2022,
            "quality": "FHD (1080p)",
            "genre": "Приключения, Семейный",
            "type": "Мультфильмы",
            "country": "Франция, Бельгия, Люксембург",
            "poster": "https://img.imgilall.me/movies/franchise/5/8/0/5/7/0/0/0/0/0/610x900_58057.jpg",
            "kinopoisk": "7.4",
            "imdb": "7.3"
        },
        {
            "id": 60829,
            "name": "Золотые соседи",
            "year": 2022,
            "quality": "FHD (1080p)",
            "genre": "Комедия, Мелодрама",
            "type": "Мультфильмы",
            "country": "Россия",
            "poster": "https://img.imgilall.me/movies/franchise/6/0/8/2/9/0/0/0/0/0/610x900_60829.jpg",
            "kinopoisk": null,
            "imdb": null
        },
        {
            "id": 59619,
            "name": "Уэнделл и Уайлд",
            "year": 2022,
            "quality": "FHD (1080p)",
            "genre": "Приключения, Фэнтези, Семейный, Комедия",
            "type": "Мультфильмы",
            "country": "США",
            "poster": "https://img.imgilall.me/movies/franchise/5/9/6/1/9/0/0/0/0/0/610x900_59619.jpg",
            "kinopoisk": null,
            "imdb": null
        },
        {
            "id": 54330,
            "name": "Том и Джерри: Бравые ковбои!",
            "year": 2022,
            "quality": "FHD (1080p)",
            "genre": "Приключения, Семейный, Вестерн, Комедия",
            "type": "Мультфильмы",
            "country": "США",
            "poster": "https://img.imgilall.me/movies/franchise/5/4/3/3/0/0/0/0/0/0/610x900_54330.jpg",
            "kinopoisk": null,
            "imdb": null
        },
        {
            "id": 57942,
            "name": "Бэтмен и Супермен: Битва супер сынов",
            "year": 2022,
            "quality": "FHD (1080p)",
            "genre": "Боевик",
            "type": "Мультфильмы",
            "country": "США",
            "poster": "https://img.imgilall.me/movies/franchise/5/7/9/4/2/0/0/0/0/0/610x900_57942.jpg",
            "kinopoisk": null,
            "imdb": null
        },
        {
            "id": 61033,
            "name": "Папин дракон",
            "year": 2022,
            "quality": "FHD (1080p)",
            "genre": "Приключения, Фэнтези, Семейный, Комедия, Драма",
            "type": "Мультфильмы",
            "country": "США, Ирландия",
            "poster": "https://img.imgilall.me/movies/franchise/6/1/0/3/3/0/0/0/0/0/610x900_61033.jpg",
            "kinopoisk": null,
            "imdb": "7.4"
        },
        {
            "id": 57481,
            "name": "Забытое чудо",
            "year": 2022,
            "quality": "FHD (1080p)",
            "genre": "Приключения, Фэнтези",
            "type": "Мультфильмы",
            "country": "Россия",
            "poster": "https://img.imgilall.me/movies/franchise/5/7/4/8/1/0/0/0/0/0/610x900_57481.jpg",
            "kinopoisk": null,
            "imdb": null
        },
        {
            "id": 57591,
            "name": "Бивис и Батт-Хед уделывают Вселенную",
            "year": 2022,
            "quality": "FHD (1080p)",
            "genre": "Комедия",
            "type": "Мультфильмы",
            "country": "США",
            "poster": "https://img.imgilall.me/movies/franchise/5/7/5/9/1/0/0/0/0/0/610x900_57591.jpg",
            "kinopoisk": null,
            "imdb": null
        },
        {
            "id": 56386,
            "name": "Братцы Кролики: Пасхальный переполох",
            "year": 2022,
            "quality": "FHD (1080p)",
            "genre": "Приключения, Семейный, Комедия",
            "type": "Мультфильмы",
            "country": "Германия",
            "poster": "https://img.imgilall.me/movies/franchise/5/6/3/8/6/0/0/0/0/0/610x900_56386.jpg",
            "kinopoisk": null,
            "imdb": "5.5"
        },
        {
            "id": 58712,
            "name": "Эволюция Черепашек-ниндзя",
            "year": 2022,
            "quality": "FHD (1080p)",
            "genre": "Приключения, Фантастика, Фэнтези, Семейный, Комедия, Боевик, Драма",
            "type": "Мультфильмы",
            "country": "США, Бельгия",
            "poster": "https://img.imgilall.me/movies/franchise/5/8/7/1/2/0/0/0/0/0/610x900_58712.jpg",
            "kinopoisk": null,
            "imdb": null
        },
        {
            "id": 56454,
            "name": "Симпсоны: Когда Билли встретила Лизу",
            "year": 2022,
            "quality": "FHD (1080p)",
            "genre": "Короткометражный, Комедия, Музыка",
            "type": "Мультфильмы",
            "country": "США",
            "poster": "https://img.imgilall.me/movies/franchise/5/6/4/5/4/0/0/0/0/0/610x900_56454.jpg",
            "kinopoisk": null,
            "imdb": "5.3"
        },
        {
            "id": 60855,
            "name": "СантаМэн",
            "year": 2022,
            "quality": null,
            "genre": "Приключения, Семейный",
            "type": "Мультфильмы",
            "country": "США",
            "poster": "https://img.imgilall.me/movies/franchise/6/0/8/5/5/0/0/0/0/0/610x900_60855.jpg",
            "kinopoisk": "7.5",
            "imdb": "4.3"
        }
    ]
}