{
    "data": [
        {
            "id": 56496,
            "name": "Семья шпиона",
            "year": 2022,
            "quality": "FHD (1080p)",
            "genre": "Комедия, Боевик",
            "type": "Аниме-сериалы",
            "country": "Япония",
            "poster": "https://img.imgilall.me/movies/franchise/5/6/4/9/6/0/0/0/0/0/610x900_56496.jpg",
            "imdb": "9.0",
            "kinopoisk": "8.7"
        },
        {
            "id": 60376,
            "name": "Человек-бензопила",
            "year": 2022,
            "quality": "SD",
            "genre": "Ужасы, Фэнтези, Боевик",
            "type": "Аниме-сериалы",
            "country": "Япония",
            "poster": "https://img.imgilall.me/movies/franchise/6/0/3/7/6/0/0/0/0/0/610x900_60376.jpg",
            "imdb": "9.3",
            "kinopoisk": null
        },
        {
            "id": 57146,
            "name": "Киберпанк: Бегущие по краю",
            "year": 2022,
            "quality": "FHD (1080p)",
            "genre": "Фантастика, Боевик",
            "type": "Аниме-сериалы",
            "country": "Япония",
            "poster": "https://img.imgilall.me/movies/franchise/5/7/1/4/6/0/0/0/0/0/610x900_57146.jpg",
            "imdb": null,
            "kinopoisk": null
        },
        {
            "id": 60237,
            "name": "Восхождение в тени!",
            "year": 2022,
            "quality": "FHD (1080p)",
            "genre": "Фэнтези, Боевик",
            "type": "Аниме-сериалы",
            "country": "Япония",
            "poster": "https://img.imgilall.me/movies/franchise/6/0/2/3/7/0/0/0/0/0/610x900_60237.jpg",
            "imdb": "7.9",
            "kinopoisk": null
        },
        {
            "id": 60341,
            "name": "Синяя тюрьма: Блю Лок",
            "year": 2022,
            "quality": "FHD (1080p)",
            "genre": "Спортивный",
            "type": "Аниме-сериалы",
            "country": "Япония",
            "poster": "https://img.imgilall.me/movies/franchise/6/0/3/4/1/0/0/0/0/0/610x900_60341.jpg",
            "imdb": "9.0",
            "kinopoisk": null
        },
        {
            "id": 60340,
            "name": "Больше чем пара, меньше чем любовники",
            "year": 2022,
            "quality": "FHD (1080p)",
            "genre": "Комедия, Мелодрама",
            "type": "Аниме-сериалы",
            "country": "Япония",
            "poster": "https://img.imgilall.me/movies/franchise/6/0/3/4/0/0/0/0/0/0/610x900_60340.jpg",
            "imdb": null,
            "kinopoisk": null
        },
        {
            "id": 57981,
            "name": "Ублюдок!! Тёмный бог разрушения",
            "year": 2022,
            "quality": "FHD (1080p)",
            "genre": "Фэнтези, Комедия, Боевик",
            "type": "Аниме-сериалы",
            "country": "Япония",
            "poster": "https://img.imgilall.me/movies/franchise/5/7/9/8/1/0/0/0/0/0/610x900_57981.jpg",
            "imdb": "7.0",
            "kinopoisk": null
        },
        {
            "id": 60335,
            "name": "Блич: Тысячелетняя кровавая война",
            "year": 2022,
            "quality": "FHD (1080p)",
            "genre": "Фэнтези, Боевик",
            "type": "Аниме-сериалы",
            "country": "Япония",
            "poster": "https://img.imgilall.me/movies/franchise/6/0/3/3/5/0/0/0/0/0/610x900_60335.jpg",
            "imdb": "9.6",
            "kinopoisk": null
        },
        {
            "id": 62011,
            "name": "Лукизм",
            "year": 2022,
            "quality": "FHD (1080p)",
            "genre": "Фэнтези, Триллер, Драма",
            "type": "Аниме-сериалы",
            "country": "Корея Южная",
            "poster": "https://img.imgilall.me/movies/franchise/6/2/0/1/1/0/0/0/0/0/610x900_62011.jpg",
            "imdb": "7.6",
            "kinopoisk": null
        },
        {
            "id": 55724,
            "name": "Сильнейший мудрец со слабейшей меткой",
            "year": 2022,
            "quality": "FHD (1080p)",
            "genre": "Приключения, Фэнтези",
            "type": "Аниме-сериалы",
            "country": "Япония",
            "poster": "https://img.imgilall.me/movies/franchise/5/5/7/2/4/0/0/0/0/0/610x900_55724.jpg",
            "imdb": "6.3",
            "kinopoisk": null
        },
        {
            "id": 58278,
            "name": "Чёрный призыватель",
            "year": 2022,
            "quality": "FHD (1080p)",
            "genre": "Фэнтези",
            "type": "Аниме-сериалы",
            "country": "Япония",
            "poster": "https://img.imgilall.me/movies/franchise/5/8/2/7/8/0/0/0/0/0/610x900_58278.jpg",
            "imdb": null,
            "kinopoisk": null
        },
        {
            "id": 59011,
            "name": "Теккен: Кровные узы",
            "year": 2022,
            "quality": "FHD (1080p)",
            "genre": "Фантастика, Боевик",
            "type": "Аниме-сериалы",
            "country": "Япония",
            "poster": "https://img.imgilall.me/movies/franchise/5/9/0/1/1/0/0/0/0/0/610x900_59011.jpg",
            "imdb": null,
            "kinopoisk": null
        },
        {
            "id": 56689,
            "name": "Летнее время",
            "year": 2022,
            "quality": "FHD (1080p)",
            "genre": "Фэнтези",
            "type": "Аниме-сериалы",
            "country": "Япония",
            "poster": "https://img.imgilall.me/movies/franchise/5/6/6/8/9/0/0/0/0/0/610x900_56689.jpg",
            "imdb": "8.4",
            "kinopoisk": null
        },
        {
            "id": 58347,
            "name": "Вермейл в золотом: Сильнейший маг проходит через магический мир с сильнейшей катастрофой",
            "year": 2022,
            "quality": "FHD (1080p)",
            "genre": "Фэнтези, Комедия",
            "type": "Аниме-сериалы",
            "country": "Япония",
            "poster": "https://img.imgilall.me/movies/franchise/5/8/3/4/7/0/0/0/0/0/610x900_58347.jpg",
            "imdb": "8.3",
            "kinopoisk": null
        },
        {
            "id": 60326,
            "name": "Развращённая гильдия",
            "year": 2022,
            "quality": "FHD (1080p)",
            "genre": "Комедия",
            "type": "Аниме-сериалы",
            "country": "Япония",
            "poster": "https://img.imgilall.me/movies/franchise/6/0/3/2/6/0/0/0/0/0/610x900_60326.jpg",
            "imdb": null,
            "kinopoisk": null
        },
        {
            "id": 60175,
            "name": "Я почему-то стал сильнее, прокачав свой навык фермерства",
            "year": 2022,
            "quality": "FHD (1080p)",
            "genre": "Приключения, Фэнтези, Боевик",
            "type": "Аниме-сериалы",
            "country": "Япония",
            "poster": "https://img.imgilall.me/movies/franchise/6/0/1/7/5/0/0/0/0/0/610x900_60175.jpg",
            "imdb": null,
            "kinopoisk": null
        },
        {
            "id": 57972,
            "name": "Песнь ночных сов",
            "year": 2022,
            "quality": "FHD (1080p)",
            "genre": "Фэнтези, Комедия, Мелодрама",
            "type": "Аниме-сериалы",
            "country": "Япония",
            "poster": "https://img.imgilall.me/movies/franchise/5/7/9/7/2/0/0/0/0/0/610x900_57972.jpg",
            "imdb": null,
            "kinopoisk": null
        },
        {
            "id": 57344,
            "name": "Спригган",
            "year": 2022,
            "quality": "FHD (1080p)",
            "genre": "Фантастика, Боевик",
            "type": "Аниме-сериалы",
            "country": "Япония",
            "poster": "https://img.imgilall.me/movies/franchise/5/7/3/4/4/0/0/0/0/0/610x900_57344.jpg",
            "imdb": "7.2",
            "kinopoisk": null
        },
        {
            "id": 57974,
            "name": "Дочь моей мачехи — моя бывшая девушка",
            "year": 2022,
            "quality": "FHD (1080p)",
            "genre": "Комедия, Мелодрама",
            "type": "Аниме-сериалы",
            "country": "Япония",
            "poster": "https://img.imgilall.me/movies/franchise/5/7/9/7/4/0/0/0/0/0/610x900_57974.jpg",
            "imdb": null,
            "kinopoisk": null
        },
        {
            "id": 60131,
            "name": "О моём перерождении в меч",
            "year": 2022,
            "quality": "FHD (1080p)",
            "genre": "Фэнтези, Боевик",
            "type": "Аниме-сериалы",
            "country": "Япония",
            "poster": "https://img.imgilall.me/movies/franchise/6/0/1/3/1/0/0/0/0/0/610x900_60131.jpg",
            "imdb": null,
            "kinopoisk": null
        },
        {
            "id": 57307,
            "name": "Величайший Повелитель демонов перерождается как типичное ничтожество",
            "year": 2022,
            "quality": "FHD (1080p)",
            "genre": "Фэнтези, Боевик",
            "type": "Аниме-сериалы",
            "country": "Япония",
            "poster": "https://img.imgilall.me/movies/franchise/5/7/3/0/7/0/0/0/0/0/610x900_57307.jpg",
            "imdb": "6.4",
            "kinopoisk": null
        },
        {
            "id": 57305,
            "name": "Перестану быть героем",
            "year": 2022,
            "quality": "FHD (1080p)",
            "genre": "Приключения, Фэнтези, Комедия, Боевик",
            "type": "Аниме-сериалы",
            "country": "Япония",
            "poster": "https://img.imgilall.me/movies/franchise/5/7/3/0/5/0/0/0/0/0/610x900_57305.jpg",
            "imdb": "7.0",
            "kinopoisk": null
        },
        {
            "id": 60446,
            "name": "Несносные пришельцы",
            "year": 2022,
            "quality": "FHD (1080p)",
            "genre": "Фантастика, Комедия",
            "type": "Аниме-сериалы",
            "country": "Япония",
            "poster": "https://img.imgilall.me/movies/franchise/6/0/4/4/6/0/0/0/0/0/610x900_60446.jpg",
            "imdb": "7.4",
            "kinopoisk": null
        },
        {
            "id": 57973,
            "name": "Перерождение дяди",
            "year": 2022,
            "quality": "FHD (1080p)",
            "genre": "Фэнтези, Комедия",
            "type": "Аниме-сериалы",
            "country": "Япония",
            "poster": "https://img.imgilall.me/movies/franchise/5/7/9/7/3/0/0/0/0/0/610x900_57973.jpg",
            "imdb": "8.3",
            "kinopoisk": null
        },
        {
            "id": 58185,
            "name": "Ориент",
            "year": 2022,
            "quality": "FHD (1080p)",
            "genre": "Фэнтези, Боевик",
            "type": "Аниме-сериалы",
            "country": "Япония",
            "poster": "https://img.imgilall.me/movies/franchise/5/8/1/8/5/0/0/0/0/0/610x900_58185.jpg",
            "imdb": "5.8",
            "kinopoisk": null
        },
        {
            "id": 58151,
            "name": "Фармацевт из параллельного мира",
            "year": 2022,
            "quality": "FHD (1080p)",
            "genre": "Фэнтези",
            "type": "Аниме-сериалы",
            "country": "Япония",
            "poster": "https://img.imgilall.me/movies/franchise/5/8/1/5/1/0/0/0/0/0/610x900_58151.jpg",
            "imdb": "7.5",
            "kinopoisk": null
        },
        {
            "id": 60025,
            "name": "Я стала злодейкой, поэтому мне нужно охмурить последнего босса",
            "year": 2022,
            "quality": "FHD (1080p)",
            "genre": "Фэнтези, Комедия, Мелодрама",
            "type": "Аниме-сериалы",
            "country": "Япония",
            "poster": "https://img.imgilall.me/movies/franchise/6/0/0/2/5/0/0/0/0/0/610x900_60025.jpg",
            "imdb": null,
            "kinopoisk": null
        },
        {
            "id": 57308,
            "name": "Игра друзей",
            "year": 2022,
            "quality": "FHD (1080p)",
            "genre": "Драма",
            "type": "Аниме-сериалы",
            "country": "Япония",
            "poster": "https://img.imgilall.me/movies/franchise/5/7/3/0/8/0/0/0/0/0/610x900_57308.jpg",
            "imdb": "7.4",
            "kinopoisk": null
        },
        {
            "id": 60239,
            "name": "Время ниндзя",
            "year": 2022,
            "quality": "FHD (1080p)",
            "genre": "Боевик",
            "type": "Аниме-сериалы",
            "country": "Япония",
            "poster": "https://img.imgilall.me/movies/franchise/6/0/2/3/9/0/0/0/0/0/610x900_60239.jpg",
            "imdb": "8.5",
            "kinopoisk": null
        },
        {
            "id": 57258,
            "name": "Этот противный целитель!",
            "year": 2022,
            "quality": "FHD (1080p)",
            "genre": "Фэнтези, Комедия, Боевик",
            "type": "Аниме-сериалы",
            "country": "Япония",
            "poster": "https://img.imgilall.me/movies/franchise/5/7/2/5/8/0/0/0/0/0/610x900_57258.jpg",
            "imdb": "7.4",
            "kinopoisk": null
        },
        {
            "id": 57879,
            "name": "Жизнь перерождённого мудреца в другом мире. Получение второй профессии и становление сильнейшим",
            "year": 2022,
            "quality": "FHD (1080p)",
            "genre": "Фэнтези, Комедия",
            "type": "Аниме-сериалы",
            "country": "Япония",
            "poster": "https://img.imgilall.me/movies/franchise/5/7/8/7/9/0/0/0/0/0/610x900_57879.jpg",
            "imdb": null,
            "kinopoisk": null
        },
        {
            "id": 60191,
            "name": "Мобильный воин Гандам: Ведьма с Меркурия",
            "year": 2022,
            "quality": "FHD (1080p)",
            "genre": "Фантастика",
            "type": "Аниме-сериалы",
            "country": "Япония",
            "poster": "https://img.imgilall.me/movies/franchise/6/0/1/9/1/0/0/0/0/0/610x900_60191.jpg",
            "imdb": null,
            "kinopoisk": null
        },
        {
            "id": 60480,
            "name": "Любовные неудачи",
            "year": 2022,
            "quality": "FHD (1080p)",
            "genre": "Комедия, Мелодрама",
            "type": "Аниме-сериалы",
            "country": "Япония",
            "poster": "https://img.imgilall.me/movies/franchise/6/0/4/8/0/0/0/0/0/0/610x900_60480.jpg",
            "imdb": "6.9",
            "kinopoisk": null
        },
        {
            "id": 57820,
            "name": "Ликорис Рикоил",
            "year": 2022,
            "quality": "FHD (1080p)",
            "genre": "Приключения",
            "type": "Аниме-сериалы",
            "country": "Япония",
            "poster": "https://img.imgilall.me/movies/franchise/5/7/8/2/0/0/0/0/0/0/610x900_57820.jpg",
            "imdb": null,
            "kinopoisk": null
        },
        {
            "id": 60174,
            "name": "Ворона в гареме",
            "year": 2022,
            "quality": "FHD (1080p)",
            "genre": "Фэнтези",
            "type": "Аниме-сериалы",
            "country": "Япония",
            "poster": "https://img.imgilall.me/movies/franchise/6/0/1/7/4/0/0/0/0/0/610x900_60174.jpg",
            "imdb": null,
            "kinopoisk": null
        },
        {
            "id": 58114,
            "name": "Привлекая поцелуй",
            "year": 2022,
            "quality": "FHD (1080p)",
            "genre": "Комедия, Мелодрама",
            "type": "Аниме-сериалы",
            "country": "Япония",
            "poster": "https://img.imgilall.me/movies/franchise/5/8/1/1/4/0/0/0/0/0/610x900_58114.jpg",
            "imdb": null,
            "kinopoisk": null
        },
        {
            "id": 60327,
            "name": "Принцесса-библиофил",
            "year": 2022,
            "quality": "FHD (1080p)",
            "genre": "Мелодрама",
            "type": "Аниме-сериалы",
            "country": "Япония",
            "poster": "https://img.imgilall.me/movies/franchise/6/0/3/2/7/0/0/0/0/0/610x900_60327.jpg",
            "imdb": null,
            "kinopoisk": null
        },
        {
            "id": 52631,
            "name": "Рыцарь-скелет в ином мире",
            "year": 2022,
            "quality": "FHD (1080p)",
            "genre": "Приключения, Фэнтези",
            "type": "Аниме-сериалы",
            "country": "Япония",
            "poster": "https://img.imgilall.me/movies/franchise/5/2/6/3/1/0/0/0/0/0/610x900_52631.jpg",
            "imdb": null,
            "kinopoisk": null
        },
        {
            "id": 57255,
            "name": "Стрелок с чёрной скалы: Падение",
            "year": 2022,
            "quality": "FHD (1080p)",
            "genre": "Фантастика, Боевик",
            "type": "Аниме-сериалы",
            "country": "Япония",
            "poster": "https://img.imgilall.me/movies/franchise/5/7/2/5/5/0/0/0/0/0/610x900_57255.jpg",
            "imdb": "6.8",
            "kinopoisk": null
        },
        {
            "id": 58454,
            "name": "Моя новая горничная очень подозрительна",
            "year": 2022,
            "quality": "FHD (1080p)",
            "genre": "Комедия, Мелодрама",
            "type": "Аниме-сериалы",
            "country": "Япония",
            "poster": "https://img.imgilall.me/movies/franchise/5/8/4/5/4/0/0/0/0/0/610x900_58454.jpg",
            "imdb": null,
            "kinopoisk": null
        },
        {
            "id": 58475,
            "name": "Буттигирэ!",
            "year": 2022,
            "quality": "FHD (1080p)",
            "genre": "Боевик",
            "type": "Аниме-сериалы",
            "country": "Япония",
            "poster": "https://img.imgilall.me/movies/franchise/5/8/4/7/5/0/0/0/0/0/610x900_58475.jpg",
            "imdb": "8.6",
            "kinopoisk": null
        },
        {
            "id": 60176,
            "name": "Укротитель зверей, изгнанный из команды героя, встретил девочку-кошку из сильнейшей расы",
            "year": 2022,
            "quality": "FHD (1080p)",
            "genre": "Фэнтези, Комедия",
            "type": "Аниме-сериалы",
            "country": "Япония",
            "poster": "https://img.imgilall.me/movies/franchise/6/0/1/7/6/0/0/0/0/0/610x900_60176.jpg",
            "imdb": null,
            "kinopoisk": null
        },
        {
            "id": 57924,
            "name": "Красный, белый, чёрный, жёлтый: Ледяная империя",
            "year": 2022,
            "quality": "FHD (1080p)",
            "genre": "Приключения, Фэнтези, Боевик",
            "type": "Аниме-сериалы",
            "country": "Япония",
            "poster": "https://img.imgilall.me/movies/franchise/5/7/9/2/4/0/0/0/0/0/610x900_57924.jpg",
            "imdb": "8.0",
            "kinopoisk": null
        },
        {
            "id": 57257,
            "name": "Жизнь девушки-карателя",
            "year": 2022,
            "quality": "FHD (1080p)",
            "genre": "Приключения, Фэнтези",
            "type": "Аниме-сериалы",
            "country": "Япония",
            "poster": "https://img.imgilall.me/movies/franchise/5/7/2/5/7/0/0/0/0/0/610x900_57257.jpg",
            "imdb": "6.2",
            "kinopoisk": null
        },
        {
            "id": 57237,
            "name": "Ао Аси / Аоаси",
            "year": 2022,
            "quality": "FHD (1080p)",
            "genre": "Спортивный",
            "type": "Аниме-сериалы",
            "country": "Япония",
            "poster": "https://img.imgilall.me/movies/franchise/5/7/2/3/7/0/0/0/0/0/610x900_57237.jpg",
            "imdb": null,
            "kinopoisk": null
        },
        {
            "id": 57198,
            "name": "Мир отомэ-игр — это тяжёлый мир для мобов",
            "year": 2022,
            "quality": "FHD (1080p)",
            "genre": "Фэнтези, Мелодрама",
            "type": "Аниме-сериалы",
            "country": "Япония",
            "poster": "https://img.imgilall.me/movies/franchise/5/7/1/9/8/0/0/0/0/0/610x900_57198.jpg",
            "imdb": "7.1",
            "kinopoisk": null
        },
        {
            "id": 57194,
            "name": "Сведённые кукушкой",
            "year": 2022,
            "quality": "FHD (1080p)",
            "genre": "Комедия, Мелодрама",
            "type": "Аниме-сериалы",
            "country": "Япония",
            "poster": "https://img.imgilall.me/movies/franchise/5/7/1/9/4/0/0/0/0/0/610x900_57194.jpg",
            "imdb": "7.4",
            "kinopoisk": null
        },
        {
            "id": 62068,
            "name": "Люпен: Начало",
            "year": 2022,
            "quality": "HD (720p)",
            "genre": "Приключения, Комедия",
            "type": "Аниме-сериалы",
            "country": "Япония",
            "poster": "https://img.imgilall.me/movies/franchise/6/2/0/6/8/0/0/0/0/0/610x900_62068.jpg",
            "imdb": "8.7",
            "kinopoisk": null
        },
        {
            "id": 58152,
            "name": "Люцифер и Бисквитный Молот",
            "year": 2022,
            "quality": "FHD (1080p)",
            "genre": "Приключения, Комедия, Драма",
            "type": "Аниме-сериалы",
            "country": "Япония",
            "poster": "https://img.imgilall.me/movies/franchise/5/8/1/5/2/0/0/0/0/0/610x900_58152.jpg",
            "imdb": null,
            "kinopoisk": null
        },
        {
            "id": 57398,
            "name": "Моя девушка совсем не милая",
            "year": 2022,
            "quality": "FHD (1080p)",
            "genre": "Комедия, Мелодрама",
            "type": "Аниме-сериалы",
            "country": "Япония",
            "poster": "https://img.imgilall.me/movies/franchise/5/7/3/9/8/0/0/0/0/0/610x900_57398.jpg",
            "imdb": "7.0",
            "kinopoisk": null
        }
    ]
}