{
    "data": [
        {
            "id": 57434,
            "name": "Чебурашка",
            "year": 2022,
            "quality": "FHD (1080p)",
            "genre": "Семейный",
            "type": "Фильмы",
            "country": "Россия",
            "poster": "https://img.imgilall.me/movies/franchise/5/7/4/3/4/0/0/0/0/0/610x900_57434.jpg",
            "kinopoisk": "7.8",
            "imdb": "6.5"
        },
        {
            "id": 43722,
            "name": "Аватар: Путь воды",
            "year": 2022,
            "quality": "FHD (1080p)",
            "genre": "Приключения, Фантастика, Боевик, Триллер",
            "type": "Фильмы",
            "country": "США",
            "poster": "https://img.imgilall.me/movies/franchise/4/3/7/2/2/0/0/0/0/0/610x900_43722.jpg",
            "kinopoisk": "8.2",
            "imdb": "8.2"
        },
        {
            "id": 58463,
            "name": "Чёрная Пантера: Ваканда навсегда",
            "year": 2022,
            "quality": "FHD (1080p)",
            "genre": "Приключения, Фантастика, Боевик, Триллер, Драма",
            "type": "Фильмы",
            "country": "США",
            "poster": "https://img.imgilall.me/movies/franchise/5/8/4/6/3/0/0/0/0/0/610x900_58463.jpg",
            "kinopoisk": "6.8",
            "imdb": "7.2"
        },
        {
            "id": 59130,
            "name": "Меню",
            "year": 2022,
            "quality": "FHD (1080p)",
            "genre": "Комедия, Триллер",
            "type": "Фильмы",
            "country": "США",
            "poster": "https://img.imgilall.me/movies/franchise/5/9/1/3/0/0/0/0/0/0/610x900_59130.jpg",
            "kinopoisk": "7.2",
            "imdb": "7.5"
        },
        {
            "id": 52784,
            "name": "Тор: Любовь и гром",
            "year": 2022,
            "quality": "FHD (1080p)",
            "genre": "Приключения, Фэнтези, Боевик",
            "type": "Фильмы",
            "country": "США",
            "poster": "https://img.imgilall.me/movies/franchise/5/2/7/8/4/0/0/0/0/0/610x900_52784.jpg",
            "kinopoisk": "6.3",
            "imdb": "6.7"
        },
        {
            "id": 62336,
            "name": "М3ГАН",
            "year": 2022,
            "quality": "FHD (1080p)",
            "genre": "Ужасы",
            "type": "Фильмы",
            "country": "США",
            "poster": "https://img.imgilall.me/movies/franchise/6/2/3/3/6/0/0/0/0/0/610x900_62336.jpg",
            "kinopoisk": "6.2",
            "imdb": "6.6"
        },
        {
            "id": 55748,
            "name": "Затерянный город",
            "year": 2022,
            "quality": "FHD (1080p)",
            "genre": "Приключения, Комедия, Боевик, Мелодрама",
            "type": "Фильмы",
            "country": "США",
            "poster": "https://img.imgilall.me/movies/franchise/5/5/7/4/8/0/0/0/0/0/610x900_55748.jpg",
            "kinopoisk": "6.3",
            "imdb": "6.6"
        },
        {
            "id": 55275,
            "name": "Проект «Адам»",
            "year": 2022,
            "quality": "FHD (1080p)",
            "genre": "Приключения, Фантастика, Комедия, Боевик",
            "type": "Фильмы",
            "country": "США",
            "poster": "https://img.imgilall.me/movies/franchise/5/5/2/7/5/0/0/0/0/0/610x900_55275.jpg",
            "kinopoisk": "6.6",
            "imdb": "6.7"
        },
        {
            "id": 54458,
            "name": "Навальный",
            "year": 2022,
            "quality": "FHD (1080p)",
            "genre": "Документальный, Биографический, Триллер",
            "type": "Фильмы",
            "country": "США",
            "poster": "https://img.imgilall.me/movies/franchise/5/4/4/5/8/0/0/0/0/0/610x900_54458.jpg",
            "kinopoisk": null,
            "imdb": "7.6"
        },
        {
            "id": 58461,
            "name": "Волчонок",
            "year": 2022,
            "quality": "FHD (1080p)",
            "genre": "Фэнтези, Комедия, Боевик, Триллер, Мелодрама, Драма",
            "type": "Фильмы",
            "country": "США",
            "poster": "https://img.imgilall.me/movies/franchise/5/8/4/6/1/0/0/0/0/0/610x900_58461.jpg",
            "kinopoisk": null,
            "imdb": "8.4"
        },
        {
            "id": 52801,
            "name": "Анчартед: На картах не значится",
            "year": 2022,
            "quality": "FHD (1080p)",
            "genre": "Приключения, Боевик",
            "type": "Фильмы",
            "country": "США",
            "poster": "https://img.imgilall.me/movies/franchise/5/2/8/0/1/0/0/0/0/0/610x900_52801.jpg",
            "kinopoisk": "7.3",
            "imdb": "7.1"
        },
        {
            "id": 59663,
            "name": "Достать ножи: Стеклянная луковица",
            "year": 2022,
            "quality": "FHD (1080p)",
            "genre": "Криминал, Детектив",
            "type": "Фильмы",
            "country": "США",
            "poster": "https://img.imgilall.me/movies/franchise/5/9/6/6/3/0/0/0/0/0/610x900_59663.jpg",
            "kinopoisk": "7.2",
            "imdb": "7.3"
        },
        {
            "id": 61114,
            "name": "Мажор в Сочи",
            "year": 2022,
            "quality": "FHD (1080p)",
            "genre": "Комедия, Боевик",
            "type": "Фильмы",
            "country": "Россия",
            "poster": "https://img.imgilall.me/movies/franchise/6/1/1/1/4/0/0/0/0/0/610x900_61114.jpg",
            "kinopoisk": null,
            "imdb": null
        },
        {
            "id": 60891,
            "name": "Бывшие. Happy end",
            "year": 2022,
            "quality": "FHD (1080p)",
            "genre": "Мелодрама, Драма",
            "type": "Фильмы",
            "country": "Россия",
            "poster": "https://img.imgilall.me/movies/franchise/6/0/8/9/1/0/0/0/0/0/610x900_60891.jpg",
            "kinopoisk": "6.0",
            "imdb": "6.4"
        },
        {
            "id": 55232,
            "name": "Быстрее пули",
            "year": 2022,
            "quality": "FHD (1080p)",
            "genre": "Боевик, Триллер",
            "type": "Фильмы",
            "country": "США",
            "poster": "https://img.imgilall.me/movies/franchise/5/5/2/3/2/0/0/0/0/0/610x900_55232.jpg",
            "kinopoisk": "7.7",
            "imdb": "7.5"
        },
        {
            "id": 60861,
            "name": "Новая игрушка",
            "year": 2022,
            "quality": "FHD (1080p)",
            "genre": "Комедия",
            "type": "Фильмы",
            "country": "Франция",
            "poster": "https://img.imgilall.me/movies/franchise/6/0/8/6/1/0/0/0/0/0/610x900_60861.jpg",
            "kinopoisk": null,
            "imdb": "4.9"
        },
        {
            "id": 54445,
            "name": "На краю",
            "year": 2022,
            "quality": "FHD (1080p)",
            "genre": "Триллер",
            "type": "Фильмы",
            "country": "Великобритания",
            "poster": "https://img.imgilall.me/movies/franchise/5/4/4/4/5/0/0/0/0/0/610x900_54445.jpg",
            "kinopoisk": null,
            "imdb": null
        },
        {
            "id": 60707,
            "name": "Мира",
            "year": 2022,
            "quality": "FHD (1080p)",
            "genre": "Приключения, Фантастика, Драма",
            "type": "Фильмы",
            "country": "Россия",
            "poster": "https://img.imgilall.me/movies/franchise/6/0/7/0/7/0/0/0/0/0/610x900_60707.jpg",
            "kinopoisk": "7.3",
            "imdb": null
        },
        {
            "id": 59727,
            "name": "Вавилон",
            "year": 2022,
            "quality": "FHD (1080p)",
            "genre": "Драма",
            "type": "Фильмы",
            "country": "США",
            "poster": "https://img.imgilall.me/movies/franchise/5/9/7/2/7/0/0/0/0/0/610x900_59727.jpg",
            "kinopoisk": "7.7",
            "imdb": "7.6"
        },
        {
            "id": 14308,
            "name": "Морбиус",
            "year": 2022,
            "quality": "FHD (1080p)",
            "genre": "Ужасы, Фантастика, Фэнтези, Боевик, Триллер",
            "type": "Фильмы",
            "country": "США",
            "poster": "https://img.imgilall.me/movies/franchise/1/4/3/0/8/0/0/0/0/0/610x900_14308.jpg",
            "kinopoisk": "5.5",
            "imdb": "5.2"
        },
        {
            "id": 13558,
            "name": "Топ Ган: Мэверик",
            "year": 2022,
            "quality": "FHD (1080p)",
            "genre": "Боевик, Зарубежный, Драма",
            "type": "Фильмы",
            "country": "Гонконг, США",
            "poster": "https://img.imgilall.me/movies/franchise/1/3/5/5/8/0/0/0/0/0/610x900_13558.jfif",
            "kinopoisk": "8.1",
            "imdb": "8.6"
        },
        {
            "id": 15534,
            "name": "Бэтмен",
            "year": 2022,
            "quality": "FHD (1080p)",
            "genre": "Криминал, Фантастика, Боевик, Драма",
            "type": "Фильмы",
            "country": "США",
            "poster": "https://img.imgilall.me/movies/franchise/1/5/5/3/4/0/0/0/0/0/610x900_15534.jpg",
            "kinopoisk": "7.9",
            "imdb": "7.9"
        },
        {
            "id": 53602,
            "name": "Фантастические твари: Тайны Дамблдора",
            "year": 2022,
            "quality": "FHD (1080p)",
            "genre": "Приключения, Фэнтези, Семейный",
            "type": "Фильмы",
            "country": "США, Великобритания",
            "poster": "https://img.imgilall.me/movies/franchise/5/3/6/0/2/0/0/0/0/0/610x900_53602.jpg",
            "kinopoisk": "6.0",
            "imdb": "6.2"
        },
        {
            "id": 59584,
            "name": "На Западном фронте без перемен",
            "year": 2022,
            "quality": "FHD (1080p)",
            "genre": "Военный, Исторический, Боевик, Драма",
            "type": "Фильмы",
            "country": "США, Германия",
            "poster": "https://img.imgilall.me/movies/franchise/5/9/5/8/4/0/0/0/0/0/610x900_59584.jpg",
            "kinopoisk": "7.8",
            "imdb": "7.9"
        },
        {
            "id": 56853,
            "name": "Серый человек",
            "year": 2022,
            "quality": "FHD (1080p)",
            "genre": "Боевик, Триллер",
            "type": "Фильмы",
            "country": "США",
            "poster": "https://img.imgilall.me/movies/franchise/5/6/8/5/3/0/0/0/0/0/610x900_56853.jpg",
            "kinopoisk": "6.4",
            "imdb": "6.6"
        },
        {
            "id": 60764,
            "name": "Всевидящее око",
            "year": 2022,
            "quality": "FHD (1080p)",
            "genre": "Криминал, Ужасы, Детектив, Триллер",
            "type": "Фильмы",
            "country": "США",
            "poster": "https://img.imgilall.me/movies/franchise/6/0/7/6/4/0/0/0/0/0/610x900_60764.jpg",
            "kinopoisk": "6.5",
            "imdb": "6.7"
        },
        {
            "id": 60509,
            "name": "Непослушник 2",
            "year": 2022,
            "quality": "FHD (1080p)",
            "genre": "Комедия",
            "type": "Фильмы",
            "country": "Россия",
            "poster": "https://img.imgilall.me/movies/franchise/6/0/5/0/9/0/0/0/0/0/610x900_60509.jpg",
            "kinopoisk": null,
            "imdb": null
        },
        {
            "id": 60214,
            "name": "Освобождение",
            "year": 2022,
            "quality": "FHD (1080p)",
            "genre": "Боевик, Триллер",
            "type": "Фильмы",
            "country": "США",
            "poster": "https://img.imgilall.me/movies/franchise/6/0/2/1/4/0/0/0/0/0/610x900_60214.jpg",
            "kinopoisk": "6.5",
            "imdb": "6.0"
        },
        {
            "id": 43719,
            "name": "Доктор Стрэндж: В мультивселенной безумия",
            "year": 2022,
            "quality": "FHD (1080p)",
            "genre": "Приключения, Ужасы, Фантастика, Фэнтези, Боевик",
            "type": "Фильмы",
            "country": "США",
            "poster": "https://img.imgilall.me/movies/franchise/4/3/7/1/9/0/0/0/0/0/610x900_43719.jpg",
            "kinopoisk": "7.0",
            "imdb": "7.3"
        },
        {
            "id": 53598,
            "name": "Операция «Фортуна»: Искусство побеждать",
            "year": 2022,
            "quality": null,
            "genre": "Комедия, Боевик, Триллер",
            "type": "Фильмы",
            "country": "США, Китай",
            "poster": "https://img.imgilall.me/movies/franchise/5/3/5/9/8/0/0/0/0/0/610x900_53598.jpg",
            "kinopoisk": "6.8",
            "imdb": "6.9"
        },
        {
            "id": 55233,
            "name": "Мир Юрского периода: Господство",
            "year": 2022,
            "quality": "FHD (1080p)",
            "genre": "Приключения, Фантастика, Боевик, Триллер",
            "type": "Фильмы",
            "country": "США",
            "poster": "https://img.imgilall.me/movies/franchise/5/5/2/3/3/0/0/0/0/0/610x900_55233.jpg",
            "kinopoisk": "5.9",
            "imdb": "5.9"
        },
        {
            "id": 54755,
            "name": "Соник 2 в кино",
            "year": 2022,
            "quality": "FHD (1080p)",
            "genre": "Приключения, Фантастика, Семейный, Комедия, Боевик",
            "type": "Фильмы",
            "country": "США, Япония",
            "poster": "https://img.imgilall.me/movies/franchise/5/4/7/5/5/0/0/0/0/0/610x900_54755.jpg",
            "kinopoisk": "6.7",
            "imdb": "6.9"
        },
        {
            "id": 52787,
            "name": "Крик",
            "year": 2022,
            "quality": "FHD (1080p)",
            "genre": "Ужасы, Детектив, Триллер",
            "type": "Фильмы",
            "country": "США",
            "poster": "https://img.imgilall.me/movies/franchise/5/2/7/8/7/0/0/0/0/0/610x900_52787.jpg",
            "kinopoisk": null,
            "imdb": null
        },
        {
            "id": 58735,
            "name": "13 жизней",
            "year": 2022,
            "quality": "FHD (1080p)",
            "genre": "Биографический, Триллер, Драма",
            "type": "Фильмы",
            "country": "Великобритания",
            "poster": "https://img.imgilall.me/movies/franchise/5/8/7/3/5/0/0/0/0/0/610x900_58735.jpg",
            "kinopoisk": "7.7",
            "imdb": "7.8"
        },
        {
            "id": 56641,
            "name": "Добыча",
            "year": 2022,
            "quality": "FHD (1080p)",
            "genre": "Ужасы, Фантастика, Боевик",
            "type": "Фильмы",
            "country": "США",
            "poster": "https://img.imgilall.me/movies/franchise/5/6/6/4/1/0/0/0/0/0/610x900_56641.jpg",
            "kinopoisk": "6.9",
            "imdb": "7.3"
        },
        {
            "id": 54540,
            "name": "Из моего окна",
            "year": 2022,
            "quality": "FHD (1080p)",
            "genre": "Комедия, Мелодрама, Драма",
            "type": "Фильмы",
            "country": "Испания",
            "poster": "https://img.imgilall.me/movies/franchise/5/4/5/4/0/0/0/0/0/0/610x900_54540.jpg",
            "kinopoisk": "6.0",
            "imdb": "5.4"
        },
        {
            "id": 58605,
            "name": "Вышка",
            "year": 2022,
            "quality": "FHD (1080p)",
            "genre": "Триллер",
            "type": "Фильмы",
            "country": "США, Великобритания",
            "poster": "https://img.imgilall.me/movies/franchise/5/8/6/0/5/0/0/0/0/0/610x900_58605.jpg",
            "kinopoisk": "6.8",
            "imdb": "6.3"
        },
        {
            "id": 57113,
            "name": "Игра с ключами",
            "year": 2022,
            "quality": "FHD (1080p)",
            "genre": "Комедия",
            "type": "Фильмы",
            "country": "Испания",
            "poster": "https://img.imgilall.me/movies/franchise/5/7/1/1/3/0/0/0/0/0/610x900_57113.jpg",
            "kinopoisk": null,
            "imdb": "5.6"
        },
        {
            "id": 57240,
            "name": "Двойная петля",
            "year": 2022,
            "quality": "FHD (1080p)",
            "genre": "Военный, Боевик, Драма",
            "type": "Фильмы",
            "country": "США",
            "poster": "https://img.imgilall.me/movies/franchise/5/7/2/4/0/0/0/0/0/0/610x900_57240.jpg",
            "kinopoisk": "6.1",
            "imdb": "6.7"
        },
        {
            "id": 55130,
            "name": "Варяг",
            "year": 2022,
            "quality": "SD",
            "genre": "Приключения, Исторический, Боевик, Триллер, Драма",
            "type": "Фильмы",
            "country": "США",
            "poster": "https://img.imgilall.me/movies/franchise/5/5/1/3/0/0/0/0/0/0/610x900_55130.jpg",
            "kinopoisk": "7.2",
            "imdb": "7.6"
        },
        {
            "id": 60704,
            "name": "Дурной глаз",
            "year": 2022,
            "quality": "FHD (1080p)",
            "genre": "Триллер",
            "type": "Фильмы",
            "country": "Ирландия, Филиппины",
            "poster": "https://img.imgilall.me/movies/franchise/6/0/7/0/4/0/0/0/0/0/610x900_60704.jpg",
            "kinopoisk": "6.4",
            "imdb": "6.2"
        },
        {
            "id": 53601,
            "name": "Скорая",
            "year": 2022,
            "quality": "FHD (1080p)",
            "genre": "Криминал, Боевик, Триллер, Драма",
            "type": "Фильмы",
            "country": "США",
            "poster": "https://img.imgilall.me/movies/franchise/5/3/6/0/1/0/0/0/0/0/610x900_53601.jpg",
            "kinopoisk": "6.1",
            "imdb": "6.1"
        },
        {
            "id": 61406,
            "name": "Астрал: Потомство",
            "year": 2022,
            "quality": "FHD (1080p)",
            "genre": "Ужасы, Триллер",
            "type": "Фильмы",
            "country": "Норвегия",
            "poster": "https://img.imgilall.me/movies/franchise/6/1/4/0/6/0/0/0/0/0/610x900_61406.jpg",
            "kinopoisk": null,
            "imdb": "5.8"
        },
        {
            "id": 59657,
            "name": "Пришелец из будущего",
            "year": 2022,
            "quality": "TS",
            "genre": "Фантастика, Комедия",
            "type": "Фильмы",
            "country": "Франция, Бельгия",
            "poster": "https://img.imgilall.me/movies/franchise/5/9/6/5/7/0/0/0/0/0/610x900_59657.jpg",
            "kinopoisk": null,
            "imdb": "7.7"
        },
        {
            "id": 56350,
            "name": "365 дней: Этот день",
            "year": 2022,
            "quality": "FHD (1080p)",
            "genre": "Мелодрама, Драма",
            "type": "Фильмы",
            "country": "Польша",
            "poster": "https://img.imgilall.me/movies/franchise/5/6/3/5/0/0/0/0/0/0/610x900_56350.jpg",
            "kinopoisk": "4.3",
            "imdb": "2.6"
        },
        {
            "id": 60839,
            "name": "Ламборгини: Человек-легенда",
            "year": 2022,
            "quality": "FHD (1080p)",
            "genre": "Биографический, Спортивный, Драма",
            "type": "Фильмы",
            "country": "США, Италия",
            "poster": "https://img.imgilall.me/movies/franchise/6/0/8/3/9/0/0/0/0/0/610x900_60839.jpg",
            "kinopoisk": "6.0",
            "imdb": "5.2"
        },
        {
            "id": 60981,
            "name": "Кит",
            "year": 2022,
            "quality": "FHD (1080p)",
            "genre": "Драма",
            "type": "Фильмы",
            "country": "США",
            "poster": "https://img.imgilall.me/movies/franchise/6/0/9/8/1/0/0/0/0/0/610x900_60981.jpg",
            "kinopoisk": "7.7",
            "imdb": "8.0"
        },
        {
            "id": 59553,
            "name": "Каспер. Легенда возвращается",
            "year": 2022,
            "quality": "FHD (1080p)",
            "genre": "Приключения, Семейный",
            "type": "Фильмы",
            "country": "США",
            "poster": "https://img.imgilall.me/movies/franchise/5/9/5/5/3/0/0/0/0/0/610x900_59553.jpg",
            "kinopoisk": null,
            "imdb": null
        },
        {
            "id": 62014,
            "name": "Мой ужасный сосед",
            "year": 2022,
            "quality": "TS",
            "genre": "Комедия, Драма",
            "type": "Фильмы",
            "country": "США, Швеция",
            "poster": "https://img.imgilall.me/movies/franchise/6/2/0/1/4/0/0/0/0/0/610x900_62014.jpg",
            "kinopoisk": "7.4",
            "imdb": "7.5"
        },
        {
            "id": 60928,
            "name": "Тролль",
            "year": 2022,
            "quality": "FHD (1080p)",
            "genre": "Приключения, Фэнтези, Боевик",
            "type": "Фильмы",
            "country": "Норвегия",
            "poster": "https://img.imgilall.me/movies/franchise/6/0/9/2/8/0/0/0/0/0/610x900_60928.jpg",
            "kinopoisk": "6.1",
            "imdb": "5.9"
        }
    ]
}