{
    "data": [
        {
            "id": 57095,
            "name": "Уэнсдэй",
            "year": 2022,
            "quality": "FHD (1080p)",
            "genre": "Ужасы, Фэнтези, Семейный, Комедия",
            "type": "Сериалы",
            "country": "США",
            "poster": "https://img.imgilall.me/movies/franchise/5/7/0/9/5/0/0/0/0/0/610x900_57095.jpg",
            "kinopoisk": "8.3",
            "imdb": "8.5"
        },
        {
            "id": 59976,
            "name": "Зимородок",
            "year": 2022,
            "quality": "FHD (1080p)",
            "genre": "Драма",
            "type": "Сериалы",
            "country": "Турция",
            "poster": "https://img.imgilall.me/movies/franchise/5/9/9/7/6/0/0/0/0/0/610x900_59976.jpg",
            "kinopoisk": "8.3",
            "imdb": "7.7"
        },
        {
            "id": 62152,
            "name": "Против всех",
            "year": 2022,
            "quality": "FHD (1080p)",
            "genre": "Комедия",
            "type": "Сериалы",
            "country": "Россия",
            "poster": "https://img.imgilall.me/movies/franchise/6/2/1/5/2/0/0/0/0/0/610x900_62152.jpg",
            "kinopoisk": "6.3",
            "imdb": null
        },
        {
            "id": 62153,
            "name": "Хэдшот",
            "year": 2022,
            "quality": "SD",
            "genre": "Фантастика, Комедия, Драма",
            "type": "Сериалы",
            "country": "Россия",
            "poster": "https://img.imgilall.me/movies/franchise/6/2/1/5/3/0/0/0/0/0/610x900_62153.jpg",
            "kinopoisk": "7.1",
            "imdb": null
        },
        {
            "id": 62987,
            "name": "Просто Михалыч",
            "year": 2022,
            "quality": "FHD (1080p)",
            "genre": "Комедия",
            "type": "Сериалы",
            "country": "Россия",
            "poster": "https://img.imgilall.me/movies/franchise/6/2/9/8/7/0/0/0/0/0/610x900_62987.jpg",
            "kinopoisk": null,
            "imdb": null
        },
        {
            "id": 63129,
            "name": "Акушер",
            "year": 2022,
            "quality": "SD",
            "genre": "Детектив",
            "type": "Сериалы",
            "country": "Россия",
            "poster": "https://img.imgilall.me/movies/franchise/6/3/1/2/9/0/0/0/0/0/610x900_63129.jpeg",
            "kinopoisk": null,
            "imdb": null
        },
        {
            "id": 60888,
            "name": "Король Талсы",
            "year": 2022,
            "quality": "FHD (1080p)",
            "genre": "Криминал, Драма",
            "type": "Сериалы",
            "country": "США",
            "poster": "https://img.imgilall.me/movies/franchise/6/0/8/8/8/0/0/0/0/0/610x900_60888.jpg",
            "kinopoisk": "8.2",
            "imdb": "8.4"
        },
        {
            "id": 62990,
            "name": "Сеструха",
            "year": 2022,
            "quality": "FHD (1080p)",
            "genre": "Комедия",
            "type": "Сериалы",
            "country": "Россия",
            "poster": "https://img.imgilall.me/movies/franchise/6/2/9/9/0/0/0/0/0/0/610x900_62990.jpg",
            "kinopoisk": null,
            "imdb": null
        },
        {
            "id": 54781,
            "name": "Извне",
            "year": 2022,
            "quality": "FHD (1080p)",
            "genre": "Ужасы, Фантастика, Детектив, Триллер, Драма",
            "type": "Сериалы",
            "country": "США",
            "poster": "https://img.imgilall.me/movies/franchise/5/4/7/8/1/0/0/0/0/0/610x900_54781.jpg",
            "kinopoisk": "7.6",
            "imdb": "7.6"
        },
        {
            "id": 62342,
            "name": "Стрим",
            "year": 2022,
            "quality": "FHD (1080p)",
            "genre": "Комедия",
            "type": "Сериалы",
            "country": "Россия",
            "poster": "https://img.imgilall.me/movies/franchise/6/2/3/4/2/0/0/0/0/0/610x900_62342.jpg",
            "kinopoisk": "7.3",
            "imdb": null
        },
        {
            "id": 52834,
            "name": "Викинги: Вальхалла",
            "year": 2022,
            "quality": "FHD (1080p)",
            "genre": "Военный, Исторический, Боевик, Мелодрама, Драма",
            "type": "Сериалы",
            "country": "Канада, США, Ирландия",
            "poster": "https://img.imgilall.me/movies/franchise/5/2/8/3/4/0/0/0/0/0/610x900_52834.jpg",
            "kinopoisk": "6.9",
            "imdb": "7.2"
        },
        {
            "id": 62391,
            "name": "Фишер",
            "year": 2022,
            "quality": "FHD (1080p)",
            "genre": "Криминал, Детектив, Триллер, Драма",
            "type": "Сериалы",
            "country": "Россия",
            "poster": "https://img.imgilall.me/movies/franchise/6/2/3/9/1/0/0/0/0/0/610x900_62391.jpg",
            "kinopoisk": "7.6",
            "imdb": "6.9"
        },
        {
            "id": 55209,
            "name": "Исправление и наказание",
            "year": 2022,
            "quality": "FHD (1080p)",
            "genre": "Комедия, Драма",
            "type": "Сериалы",
            "country": "Россия",
            "poster": "https://img.imgilall.me/movies/franchise/5/5/2/0/9/0/0/0/0/0/610x900_55209.jpg",
            "kinopoisk": "6.2",
            "imdb": null
        },
        {
            "id": 62060,
            "name": "Кровавые цветы",
            "year": 2022,
            "quality": "HD (720p)",
            "genre": "Драма",
            "type": "Сериалы",
            "country": "Турция",
            "poster": "https://img.imgilall.me/movies/franchise/6/2/0/6/0/0/0/0/0/0/610x900_62060.jpg",
            "kinopoisk": null,
            "imdb": "8.5"
        },
        {
            "id": 58129,
            "name": "Винчестеры",
            "year": 2022,
            "quality": "HD (720p)",
            "genre": "Приключения, Боевик",
            "type": "Сериалы",
            "country": "США",
            "poster": "https://img.imgilall.me/movies/franchise/5/8/1/2/9/0/0/0/0/0/610x900_58129.jpg",
            "kinopoisk": null,
            "imdb": null
        },
        {
            "id": 59618,
            "name": "Монастырь",
            "year": 2022,
            "quality": "FHD (1080p)",
            "genre": "Драма",
            "type": "Сериалы",
            "country": "Россия",
            "poster": "https://img.imgilall.me/movies/franchise/5/9/6/1/8/0/0/0/0/0/610x900_59618.jpg",
            "kinopoisk": "7.2",
            "imdb": null
        },
        {
            "id": 63132,
            "name": "Дурдом",
            "year": 2022,
            "quality": "FHD (1080p)",
            "genre": "Комедия",
            "type": "Сериалы",
            "country": "Россия",
            "poster": "https://img.imgilall.me/movies/franchise/6/3/1/3/2/0/0/0/0/0/610x900_63132.jpg",
            "kinopoisk": null,
            "imdb": null
        },
        {
            "id": 54390,
            "name": "Мы все мертвы",
            "year": 2022,
            "quality": "HD (720p)",
            "genre": "Ужасы",
            "type": "Сериалы",
            "country": "Корея Южная",
            "poster": "https://img.imgilall.me/movies/franchise/5/4/3/9/0/0/0/0/0/0/610x900_54390.jpg",
            "kinopoisk": "6.8",
            "imdb": "7.5"
        },
        {
            "id": 14327,
            "name": "Дом дракона",
            "year": 2022,
            "quality": "FHD (1080p)",
            "genre": "Приключения, Фэнтези",
            "type": "Сериалы",
            "country": "США",
            "poster": "https://img.imgilall.me/movies/franchise/1/4/3/2/7/0/0/0/0/0/610x900_14327.jpg",
            "kinopoisk": "8.4",
            "imdb": "8.9"
        },
        {
            "id": 56537,
            "name": "Чёрная весна",
            "year": 2022,
            "quality": "FHD (1080p)",
            "genre": "Драма",
            "type": "Сериалы",
            "country": "Россия",
            "poster": "https://img.imgilall.me/movies/franchise/5/6/5/3/7/0/0/0/0/0/610x900_56537.jpg",
            "kinopoisk": null,
            "imdb": null
        },
        {
            "id": 60560,
            "name": "Ловушка",
            "year": 2022,
            "quality": "FHD (1080p)",
            "genre": "Мелодрама, Драма",
            "type": "Сериалы",
            "country": "Турция",
            "poster": "https://img.imgilall.me/movies/franchise/6/0/5/6/0/0/0/0/0/0/610x900_60560.jpg",
            "kinopoisk": null,
            "imdb": "7.2"
        },
        {
            "id": 56082,
            "name": "Два холма",
            "year": 2022,
            "quality": "FHD (1080p)",
            "genre": "Фантастика, Комедия",
            "type": "Сериалы",
            "country": "Россия",
            "poster": "https://img.imgilall.me/movies/franchise/5/6/0/8/2/0/0/0/0/0/610x900_56082.jpg",
            "kinopoisk": "6.7",
            "imdb": null
        },
        {
            "id": 62989,
            "name": "Комплекс бога",
            "year": 2022,
            "quality": "FHD (1080p)",
            "genre": "Детектив, Драма",
            "type": "Сериалы",
            "country": "Россия",
            "poster": "https://img.imgilall.me/movies/franchise/6/2/9/8/9/0/0/0/0/0/610x900_62989.jpg",
            "kinopoisk": null,
            "imdb": null
        },
        {
            "id": 54788,
            "name": "Хало",
            "year": 2022,
            "quality": "FHD (1080p)",
            "genre": "Фантастика, Боевик",
            "type": "Сериалы",
            "country": "США",
            "poster": "https://img.imgilall.me/movies/franchise/5/4/7/8/8/0/0/0/0/0/610x900_54788.jpg",
            "kinopoisk": "7.3",
            "imdb": "7.1"
        },
        {
            "id": 59914,
            "name": "Конец света",
            "year": 2022,
            "quality": "FHD (1080p)",
            "genre": "Фэнтези, Комедия",
            "type": "Сериалы",
            "country": "Россия",
            "poster": "https://img.imgilall.me/movies/franchise/5/9/9/1/4/0/0/0/0/0/610x900_59914.jpg",
            "kinopoisk": "7.6",
            "imdb": null
        },
        {
            "id": 57059,
            "name": "Песочный человек",
            "year": 2022,
            "quality": "FHD (1080p)",
            "genre": "Ужасы, Фэнтези, Боевик, Драма",
            "type": "Сериалы",
            "country": "США, Великобритания",
            "poster": "https://img.imgilall.me/movies/franchise/5/7/0/5/9/0/0/0/0/0/610x900_57059.jpg",
            "kinopoisk": "7.2",
            "imdb": "7.8"
        },
        {
            "id": 55218,
            "name": "Властелин колец: Кольца власти",
            "year": 2022,
            "quality": "FHD (1080p)",
            "genre": "Приключения, Фэнтези, Боевик, Драма",
            "type": "Сериалы",
            "country": "США",
            "poster": "https://img.imgilall.me/movies/franchise/5/5/2/1/8/0/0/0/0/0/610x900_55218.jpg",
            "kinopoisk": "5.4",
            "imdb": "6.2"
        },
        {
            "id": 59705,
            "name": "Периферийные устройства",
            "year": 2022,
            "quality": "FHD (1080p)",
            "genre": "Фантастика",
            "type": "Сериалы",
            "country": "США",
            "poster": "https://img.imgilall.me/movies/franchise/5/9/7/0/5/0/0/0/0/0/610x900_59705.jpg",
            "kinopoisk": "7.9",
            "imdb": "8.5"
        },
        {
            "id": 59754,
            "name": "Шантарам",
            "year": 2022,
            "quality": "FHD (1080p)",
            "genre": "Криминал, Боевик, Триллер, Драма",
            "type": "Сериалы",
            "country": "США",
            "poster": "https://img.imgilall.me/movies/franchise/5/9/7/5/4/0/0/0/0/0/610x900_59754.jpg",
            "kinopoisk": "8.2",
            "imdb": "8.1"
        },
        {
            "id": 62325,
            "name": "Плен",
            "year": 2022,
            "quality": "FHD (1080p)",
            "genre": "Мелодрама",
            "type": "Сериалы",
            "country": "Турция",
            "poster": "https://img.imgilall.me/movies/franchise/6/2/3/2/5/0/0/0/0/0/610x900_62325.jpg",
            "kinopoisk": null,
            "imdb": "6.2"
        },
        {
            "id": 60790,
            "name": "Кизиловый щербет",
            "year": 2022,
            "quality": "FHD (1080p)",
            "genre": "Драма",
            "type": "Сериалы",
            "country": "Турция",
            "poster": "https://img.imgilall.me/movies/franchise/6/0/7/9/0/0/0/0/0/0/610x900_60790.jpg",
            "kinopoisk": null,
            "imdb": null
        },
        {
            "id": 60892,
            "name": "Фандорин. Азазель",
            "year": 2022,
            "quality": "SD",
            "genre": "Криминал, Фантастика, Детектив",
            "type": "Сериалы",
            "country": "Россия",
            "poster": "https://img.imgilall.me/movies/franchise/6/0/8/9/2/0/0/0/0/0/610x900_60892.jpg",
            "kinopoisk": null,
            "imdb": null
        },
        {
            "id": 59040,
            "name": "Жизнь по вызову",
            "year": 2022,
            "quality": "FHD (1080p)",
            "genre": "Драма",
            "type": "Сериалы",
            "country": "Россия",
            "poster": "https://img.imgilall.me/movies/franchise/5/9/0/4/0/0/0/0/0/0/610x900_59040.jpg",
            "kinopoisk": "6.4",
            "imdb": null
        },
        {
            "id": 63540,
            "name": "Приказа умирать не было",
            "year": 2022,
            "quality": "FHD (1080p)",
            "genre": "Военный",
            "type": "Сериалы",
            "country": "Россия",
            "poster": "https://img.imgilall.me/movies/franchise/6/3/5/4/0/0/0/0/0/0/610x900_63540.jpeg",
            "kinopoisk": null,
            "imdb": null
        },
        {
            "id": 57089,
            "name": "Красивее тебя / Красивее, чем ты",
            "year": 2022,
            "quality": "FHD (1080p)",
            "genre": "Комедия, Драма",
            "type": "Сериалы",
            "country": "Турция",
            "poster": "https://img.imgilall.me/movies/franchise/5/7/0/8/9/0/0/0/0/0/610x900_57089.jpg",
            "kinopoisk": "8.0",
            "imdb": "7.0"
        },
        {
            "id": 60236,
            "name": "В конце ночи",
            "year": 2022,
            "quality": "FHD (1080p)",
            "genre": "Драма",
            "type": "Сериалы",
            "country": "Турция",
            "poster": "https://img.imgilall.me/movies/franchise/6/0/2/3/6/0/0/0/0/0/610x900_60236.jpg",
            "kinopoisk": null,
            "imdb": null
        },
        {
            "id": 59480,
            "name": "Художник",
            "year": 2022,
            "quality": "FHD (1080p)",
            "genre": "Детектив, Триллер, Драма",
            "type": "Сериалы",
            "country": "Россия",
            "poster": "https://img.imgilall.me/movies/franchise/5/9/4/8/0/0/0/0/0/0/610x900_59480.jpg",
            "kinopoisk": "7.6",
            "imdb": "7.0"
        },
        {
            "id": 56690,
            "name": "Нулевой пациент",
            "year": 2022,
            "quality": "FHD (1080p)",
            "genre": "Драма",
            "type": "Сериалы",
            "country": "Россия",
            "poster": "https://img.imgilall.me/movies/franchise/5/6/6/9/0/0/0/0/0/0/610x900_56690.jpg",
            "kinopoisk": "8.6",
            "imdb": null
        },
        {
            "id": 61121,
            "name": "С нуля",
            "year": 2022,
            "quality": "FHD (1080p)",
            "genre": "Драма",
            "type": "Сериалы",
            "country": "Россия",
            "poster": "https://img.imgilall.me/movies/franchise/6/1/1/2/1/0/0/0/0/0/610x900_61121.jpg",
            "kinopoisk": null,
            "imdb": null
        },
        {
            "id": 56077,
            "name": "Начальник разведки",
            "year": 2022,
            "quality": "FHD (1080p)",
            "genre": "Исторический, Биографический, Детектив, Драма",
            "type": "Сериалы",
            "country": "Россия",
            "poster": "https://img.imgilall.me/movies/franchise/5/6/0/7/7/0/0/0/0/0/610x900_56077.jpg",
            "kinopoisk": null,
            "imdb": null
        },
        {
            "id": 60877,
            "name": "Сердечная боль",
            "year": 2022,
            "quality": "FHD (1080p)",
            "genre": "Драма",
            "type": "Сериалы",
            "country": "Турция",
            "poster": "https://img.imgilall.me/movies/franchise/6/0/8/7/7/0/0/0/0/0/610x900_60877.jpg",
            "kinopoisk": null,
            "imdb": null
        },
        {
            "id": 55217,
            "name": "Оби-Ван Кеноби",
            "year": 2022,
            "quality": "FHD (1080p)",
            "genre": "Приключения, Фантастика, Боевик",
            "type": "Сериалы",
            "country": "США",
            "poster": "https://img.imgilall.me/movies/franchise/5/5/2/1/7/0/0/0/0/0/610x900_55217.jpg",
            "kinopoisk": "6.1",
            "imdb": "7.1"
        },
        {
            "id": 54686,
            "name": "Изобретая Анну",
            "year": 2022,
            "quality": "FHD (1080p)",
            "genre": "Драма",
            "type": "Сериалы",
            "country": "США",
            "poster": "https://img.imgilall.me/movies/franchise/5/4/6/8/6/0/0/0/0/0/610x900_54686.jpg",
            "kinopoisk": "7.0",
            "imdb": "6.8"
        },
        {
            "id": 61675,
            "name": "1923 / Йеллоустоун: 1923",
            "year": 2022,
            "quality": "HD (720p)",
            "genre": "Вестерн, Драма",
            "type": "Сериалы",
            "country": "США",
            "poster": "https://img.imgilall.me/movies/franchise/6/1/6/7/5/0/0/0/0/0/610x900_61675.jpg",
            "kinopoisk": "7.9",
            "imdb": "8.5"
        },
        {
            "id": 54996,
            "name": "Три сестры",
            "year": 2022,
            "quality": "FHD (1080p)",
            "genre": "Драма",
            "type": "Сериалы",
            "country": "Турция",
            "poster": "https://img.imgilall.me/movies/franchise/5/4/9/9/6/0/0/0/0/0/610x900_54996.jpg",
            "kinopoisk": null,
            "imdb": null
        },
        {
            "id": 52833,
            "name": "Андор",
            "year": 2022,
            "quality": "FHD (1080p)",
            "genre": "Приключения, Фантастика, Боевик, Триллер",
            "type": "Сериалы",
            "country": "США",
            "poster": "https://img.imgilall.me/movies/franchise/5/2/8/3/3/0/0/0/0/0/610x900_52833.jpg",
            "kinopoisk": "8.1",
            "imdb": "8.1"
        },
        {
            "id": 60092,
            "name": "Любовь и надежда",
            "year": 2022,
            "quality": "HD (720p)",
            "genre": "Драма",
            "type": "Сериалы",
            "country": "Турция",
            "poster": "https://img.imgilall.me/movies/franchise/6/0/0/9/2/0/0/0/0/0/610x900_60092.jpg",
            "kinopoisk": null,
            "imdb": null
        },
        {
            "id": 59741,
            "name": "Капельник",
            "year": 2022,
            "quality": "FHD (1080p)",
            "genre": "Комедия, Драма",
            "type": "Сериалы",
            "country": "Россия",
            "poster": "https://img.imgilall.me/movies/franchise/5/9/7/4/1/0/0/0/0/0/610x900_59741.jpg",
            "kinopoisk": "8.2",
            "imdb": null
        },
        {
            "id": 62395,
            "name": "Русские",
            "year": 2022,
            "quality": "FHD (1080p)",
            "genre": "Детектив, Триллер, Драма",
            "type": "Сериалы",
            "country": "Россия",
            "poster": "https://img.imgilall.me/movies/franchise/6/2/3/9/5/0/0/0/0/0/610x900_62395.jpg",
            "kinopoisk": null,
            "imdb": null
        },
        {
            "id": 57971,
            "name": "Услышь меня",
            "year": 2022,
            "quality": "HD (720p)",
            "genre": "Драма",
            "type": "Сериалы",
            "country": "Турция",
            "poster": "https://img.imgilall.me/movies/franchise/5/7/9/7/1/0/0/0/0/0/610x900_57971.jpg",
            "kinopoisk": null,
            "imdb": null
        }
    ]
}