{
    "data": [
        {
            "id": 54384,
            "name": "Легенда Вокс Машины",
            "year": 2022,
            "quality": "FHD (1080p)",
            "genre": "Приключения, Фэнтези, Комедия, Боевик",
            "type": "Мультсериалы",
            "country": "США",
            "poster": "https://img.imgilall.me/movies/franchise/5/4/3/8/4/0/0/0/0/0/610x900_54384.jpg",
            "kinopoisk": null,
            "imdb": "9.4"
        },
        {
            "id": 57435,
            "name": "Кунг-фу Панда: Рыцарь дракона",
            "year": 2022,
            "quality": "HD (720p)",
            "genre": "Приключения, Фэнтези, Семейный, Комедия, Боевик",
            "type": "Мультсериалы",
            "country": "США",
            "poster": "https://img.imgilall.me/movies/franchise/5/7/4/3/5/0/0/0/0/0/610x900_57435.jpg",
            "kinopoisk": null,
            "imdb": null
        },
        {
            "id": 60903,
            "name": "Соник Прайм",
            "year": 2022,
            "quality": "FHD (1080p)",
            "genre": "Приключения, Фантастика, Фэнтези, Семейный, Комедия, Боевик, Мелодрама",
            "type": "Мультсериалы",
            "country": "Канада, США, Япония",
            "poster": "https://img.imgilall.me/movies/franchise/6/0/9/0/3/0/0/0/0/0/610x900_60903.jpg",
            "kinopoisk": null,
            "imdb": null
        },
        {
            "id": 60193,
            "name": "Академия сверхъестественного",
            "year": 2022,
            "quality": "FHD (1080p)",
            "genre": "Фэнтези, Мелодрама, Драма",
            "type": "Мультсериалы",
            "country": "США",
            "poster": "https://img.imgilall.me/movies/franchise/6/0/1/9/3/0/0/0/0/0/610x900_60193.jpg",
            "kinopoisk": "8.0",
            "imdb": "6.3"
        },
        {
            "id": 54780,
            "name": "Шоу Чашека!",
            "year": 2022,
            "quality": "HD (720p)",
            "genre": "Приключения, Фэнтези, Короткометражный, Семейный, Комедия, Боевик",
            "type": "Мультсериалы",
            "country": "Канада, США",
            "poster": "https://img.imgilall.me/movies/franchise/5/4/7/8/0/0/0/0/0/0/610x900_54780.jpg",
            "kinopoisk": null,
            "imdb": null
        },
        {
            "id": 58122,
            "name": "Я есть Грут",
            "year": 2022,
            "quality": "FHD (1080p)",
            "genre": "Приключения, Фантастика, Фэнтези, Короткометражный, Комедия, Боевик",
            "type": "Мультсериалы",
            "country": "США",
            "poster": "https://img.imgilall.me/movies/franchise/5/8/1/2/2/0/0/0/0/0/610x900_58122.jpg",
            "kinopoisk": null,
            "imdb": null
        },
        {
            "id": 58794,
            "name": "Тачки на дороге",
            "year": 2022,
            "quality": "FHD (1080p)",
            "genre": "Приключения, Семейный, Спортивный, Комедия",
            "type": "Мультсериалы",
            "country": "США",
            "poster": "https://img.imgilall.me/movies/franchise/5/8/7/9/4/0/0/0/0/0/610x900_58794.jpg",
            "kinopoisk": null,
            "imdb": null
        },
        {
            "id": 60958,
            "name": "Зверополис+",
            "year": 2022,
            "quality": "FHD (1080p)",
            "genre": "Криминал, Приключения, Короткометражный, Мюзикл, Семейный, Комедия, Мелодрама",
            "type": "Мультсериалы",
            "country": "США",
            "poster": "https://img.imgilall.me/movies/franchise/6/0/9/5/8/0/0/0/0/0/610x900_60958.jpg",
            "kinopoisk": null,
            "imdb": null
        },
        {
            "id": 59706,
            "name": "Звёздные войны: Сказания о джедаях",
            "year": 2022,
            "quality": "HD (720p)",
            "genre": "Фантастика, Фэнтези, Боевик, Драма",
            "type": "Мультсериалы",
            "country": "США",
            "poster": "https://img.imgilall.me/movies/franchise/5/9/7/0/6/0/0/0/0/0/610x900_59706.jpg",
            "kinopoisk": null,
            "imdb": null
        },
        {
            "id": 56798,
            "name": "Бэймакс!",
            "year": 2022,
            "quality": "HD (720p)",
            "genre": "Приключения, Фантастика, Семейный, Комедия, Боевик",
            "type": "Мультсериалы",
            "country": "США",
            "poster": "https://img.imgilall.me/movies/franchise/5/6/7/9/8/0/0/0/0/0/610x900_56798.jpg",
            "kinopoisk": null,
            "imdb": null
        },
        {
            "id": 62431,
            "name": "Геройчики",
            "year": 2022,
            "quality": "FHD (1080p)",
            "genre": "Детский",
            "type": "Мультсериалы",
            "country": "Россия",
            "poster": "https://img.imgilall.me/movies/franchise/6/2/4/3/1/0/0/0/0/0/610x900_62431.jpg",
            "kinopoisk": "9.2",
            "imdb": null
        },
        {
            "id": 61102,
            "name": "Dragon Age: Искупление",
            "year": 2022,
            "quality": "HD (720p)",
            "genre": "Приключения, Фэнтези, Боевик",
            "type": "Мультсериалы",
            "country": "США",
            "poster": "https://img.imgilall.me/movies/franchise/6/1/1/0/2/0/0/0/0/0/610x900_61102.jpg",
            "kinopoisk": null,
            "imdb": null
        },
        {
            "id": 56043,
            "name": "Ледниковый период: Истории Скрата",
            "year": 2022,
            "quality": "HD (720p)",
            "genre": "Семейный, Комедия",
            "type": "Мультсериалы",
            "country": "США",
            "poster": "https://img.imgilall.me/movies/franchise/5/6/0/4/3/0/0/0/0/0/610x900_56043.jpg",
            "kinopoisk": null,
            "imdb": null
        },
        {
            "id": 56692,
            "name": "Босс-молокосос: Колыбель зовет",
            "year": 2022,
            "quality": "FHD (1080p)",
            "genre": "Приключения, Семейный, Комедия",
            "type": "Мультсериалы",
            "country": "США",
            "poster": "https://img.imgilall.me/movies/franchise/5/6/6/9/2/0/0/0/0/0/610x900_56692.jpg",
            "kinopoisk": null,
            "imdb": "6.9"
        },
        {
            "id": 59218,
            "name": "Демонёнок",
            "year": 2022,
            "quality": "FHD (1080p)",
            "genre": "Ужасы, Комедия",
            "type": "Мультсериалы",
            "country": "США",
            "poster": "https://img.imgilall.me/movies/franchise/5/9/2/1/8/0/0/0/0/0/610x900_59218.jpg",
            "kinopoisk": null,
            "imdb": "7.0"
        },
        {
            "id": 58063,
            "name": "Фарзар",
            "year": 2022,
            "quality": "HD (720p)",
            "genre": "Приключения, Фантастика, Комедия, Боевик",
            "type": "Мультсериалы",
            "country": "США",
            "poster": "https://img.imgilall.me/movies/franchise/5/8/0/6/3/0/0/0/0/0/610x900_58063.jpg",
            "kinopoisk": null,
            "imdb": null
        },
        {
            "id": 62246,
            "name": "Отель у овечек",
            "year": 2022,
            "quality": "FHD (1080p)",
            "genre": "Детский",
            "type": "Мультсериалы",
            "country": "Россия",
            "poster": "https://img.imgilall.me/movies/franchise/6/2/2/4/6/0/0/0/0/0/610x900_62246.jpg",
            "kinopoisk": "8.8",
            "imdb": null
        },
        {
            "id": 59386,
            "name": "Пантеон",
            "year": 2022,
            "quality": "HD (720p)",
            "genre": "Фантастика, Драма",
            "type": "Мультсериалы",
            "country": "",
            "poster": "https://img.imgilall.me/movies/franchise/5/9/3/8/6/0/0/0/0/0/610x900_59386.jpg",
            "kinopoisk": null,
            "imdb": null
        },
        {
            "id": 60208,
            "name": "Эверест и невидимый город",
            "year": 2022,
            "quality": "HD (720p)",
            "genre": "Приключения, Фэнтези, Семейный, Комедия",
            "type": "Мультсериалы",
            "country": "США, Китай",
            "poster": "https://img.imgilall.me/movies/franchise/6/0/2/0/8/0/0/0/0/0/610x900_60208.jpg",
            "kinopoisk": null,
            "imdb": null
        },
        {
            "id": 55140,
            "name": "Осатанелые",
            "year": 2022,
            "quality": "FHD (1080p)",
            "genre": "Фантастика, Комедия, Боевик, Драма",
            "type": "Мультсериалы",
            "country": "США",
            "poster": "https://img.imgilall.me/movies/franchise/5/5/1/4/0/0/0/0/0/0/610x900_55140.jpg",
            "kinopoisk": null,
            "imdb": null
        },
        {
            "id": 56346,
            "name": "Кролик-самурай: хроники Усаги",
            "year": 2022,
            "quality": "FHD (1080p)",
            "genre": "Приключения, Фантастика, Фэнтези, Семейный, Комедия, Боевик",
            "type": "Мультсериалы",
            "country": "США",
            "poster": "https://img.imgilall.me/movies/franchise/5/6/3/4/6/0/0/0/0/0/610x900_56346.jpg",
            "kinopoisk": null,
            "imdb": null
        },
        {
            "id": 54430,
            "name": "Angry Birds: Летнее безумие",
            "year": 2022,
            "quality": "FHD (1080p)",
            "genre": "Приключения, Фэнтези, Короткометражный, Семейный, Комедия, Боевик",
            "type": "Мультсериалы",
            "country": "США, Великобритания, Финляндия",
            "poster": "https://img.imgilall.me/movies/franchise/5/4/4/3/0/0/0/0/0/0/610x900_54430.jpg",
            "kinopoisk": null,
            "imdb": "7.1"
        },
        {
            "id": 60098,
            "name": "My Little Pony: Зажги свою искорку",
            "year": 2022,
            "quality": "FHD (1080p)",
            "genre": "Приключения, Фэнтези, Мюзикл, Семейный, Комедия",
            "type": "Мультсериалы",
            "country": "Канада, США, Ирландия",
            "poster": "https://img.imgilall.me/movies/franchise/6/0/0/9/8/0/0/0/0/0/610x900_60098.jpg",
            "kinopoisk": null,
            "imdb": "6.3"
        },
        {
            "id": 62430,
            "name": "Детектив Финник",
            "year": 2022,
            "quality": "FHD (1080p)",
            "genre": "Приключения, Детский, Детектив, Комедия",
            "type": "Мультсериалы",
            "country": "Россия",
            "poster": "https://img.imgilall.me/movies/franchise/6/2/4/3/0/0/0/0/0/0/610x900_62430.jpg",
            "kinopoisk": "8.8",
            "imdb": null
        },
        {
            "id": 57540,
            "name": "Тупик: Парк паранормальных явлений",
            "year": 2022,
            "quality": "FHD (1080p)",
            "genre": "Приключения, Ужасы, Фэнтези, Семейный, Детектив, Комедия",
            "type": "Мультсериалы",
            "country": "США, Великобритания",
            "poster": "https://img.imgilall.me/movies/franchise/5/7/5/4/0/0/0/0/0/0/610x900_57540.jpg",
            "kinopoisk": null,
            "imdb": "6.5"
        },
        {
            "id": 62645,
            "name": "Мой маленький пони: Расскажи свою историю",
            "year": 2022,
            "quality": "FHD (1080p)",
            "genre": "Приключения, Фэнтези, Короткометражный, Мюзикл, Семейный, Комедия",
            "type": "Мультсериалы",
            "country": "Канада, США",
            "poster": "https://img.imgilall.me/movies/franchise/6/2/6/4/5/0/0/0/0/0/610x900_62645.jpg",
            "kinopoisk": null,
            "imdb": "6.0"
        },
        {
            "id": 63441,
            "name": "Семейка Праудов: Гордые и громкие",
            "year": 2022,
            "quality": null,
            "genre": "Приключения, Семейный, Комедия",
            "type": "Мультсериалы",
            "country": "США, Испания",
            "poster": "https://img.imgilall.me/movies/franchise/6/3/4/4/1/0/0/0/0/0/610x900_63441.jpg",
            "kinopoisk": null,
            "imdb": "2.8"
        },
        {
            "id": 58698,
            "name": "Бивис и Баттхед Майка Джаджа",
            "year": 2022,
            "quality": "HD (720p)",
            "genre": "Комедия, Музыка",
            "type": "Мультсериалы",
            "country": "США",
            "poster": "https://img.imgilall.me/movies/franchise/5/8/6/9/8/0/0/0/0/0/610x900_58698.jpg",
            "kinopoisk": null,
            "imdb": "8.6"
        },
        {
            "id": 61034,
            "name": "Трансформеры: Земная Искра",
            "year": 2022,
            "quality": "SD",
            "genre": "Приключения, Семейный, Комедия, Драма",
            "type": "Мультсериалы",
            "country": "Великобритания",
            "poster": "https://img.imgilall.me/movies/franchise/6/1/0/3/4/0/0/0/0/0/610x900_61034.jpg",
            "kinopoisk": null,
            "imdb": null
        },
        {
            "id": 54385,
            "name": "Фрикангелы",
            "year": 2022,
            "quality": "HD (720p)",
            "genre": "Фантастика",
            "type": "Мультсериалы",
            "country": "Великобритания",
            "poster": "https://img.imgilall.me/movies/franchise/5/4/3/8/5/0/0/0/0/0/610x900_54385.jpeg",
            "kinopoisk": null,
            "imdb": null
        },
        {
            "id": 55474,
            "name": "Отдел кадров",
            "year": 2022,
            "quality": "FHD (1080p)",
            "genre": "Комедия, Мелодрама",
            "type": "Мультсериалы",
            "country": "США",
            "poster": "https://img.imgilall.me/movies/franchise/5/5/4/7/4/0/0/0/0/0/610x900_55474.jpg",
            "kinopoisk": "6.9",
            "imdb": "7.2"
        },
        {
            "id": 59765,
            "name": "Истоки футбола",
            "year": 2022,
            "quality": "HD (720p)",
            "genre": "Фэнтези, Детский, Спортивный",
            "type": "Мультсериалы",
            "country": "Китай",
            "poster": "https://img.imgilall.me/movies/franchise/5/9/7/6/5/0/0/0/0/0/610x900_59765.jpg",
            "kinopoisk": null,
            "imdb": null
        },
        {
            "id": 59043,
            "name": "Хомяк и Гретель",
            "year": 2022,
            "quality": "FHD (1080p)",
            "genre": "Приключения, Фантастика, Фэнтези, Семейный, Комедия, Боевик",
            "type": "Мультсериалы",
            "country": "США",
            "poster": "https://img.imgilall.me/movies/franchise/5/9/0/4/3/0/0/0/0/0/610x900_59043.jpg",
            "kinopoisk": null,
            "imdb": "7.4"
        },
        {
            "id": 60663,
            "name": "Умка",
            "year": 2022,
            "quality": "FHD (1080p)",
            "genre": "Детский",
            "type": "Мультсериалы",
            "country": "Россия",
            "poster": "https://img.imgilall.me/movies/franchise/6/0/6/6/3/0/0/0/0/0/610x900_60663.jpg",
            "kinopoisk": null,
            "imdb": null
        },
        {
            "id": 53643,
            "name": "Этот дом",
            "year": 2022,
            "quality": "FHD (1080p)",
            "genre": "Комедия",
            "type": "Мультсериалы",
            "country": "США, Великобритания",
            "poster": "https://img.imgilall.me/movies/franchise/5/3/6/4/3/0/0/0/0/0/610x900_53643.jpg",
            "kinopoisk": null,
            "imdb": null
        },
        {
            "id": 57640,
            "name": "Стражи порядка",
            "year": 2022,
            "quality": "HD (720p)",
            "genre": "Фантастика, Детектив, Комедия, Боевик",
            "type": "Мультсериалы",
            "country": "США",
            "poster": "https://img.imgilall.me/movies/franchise/5/7/6/4/0/0/0/0/0/0/610x900_57640.jpg",
            "kinopoisk": null,
            "imdb": "4.9"
        },
        {
            "id": 55977,
            "name": "Экзодиит",
            "year": 2022,
            "quality": "SD",
            "genre": "Приключения, Фантастика",
            "type": "Мультсериалы",
            "country": "Великобритания",
            "poster": "https://img.imgilall.me/movies/franchise/5/5/9/7/7/0/0/0/0/0/610x900_55977.jpg",
            "kinopoisk": null,
            "imdb": null
        },
        {
            "id": 59725,
            "name": "Виндикаторы 2",
            "year": 2022,
            "quality": "FHD (1080p)",
            "genre": "Короткометражный",
            "type": "Мультсериалы",
            "country": "США",
            "poster": "https://img.imgilall.me/movies/franchise/5/9/7/2/5/0/0/0/0/0/610x900_59725.jpg",
            "kinopoisk": null,
            "imdb": "7.0"
        },
        {
            "id": 61597,
            "name": "Думлэндс",
            "year": 2022,
            "quality": "FHD (1080p)",
            "genre": "Приключения, Комедия",
            "type": "Мультсериалы",
            "country": "Канада, США",
            "poster": "https://img.imgilall.me/movies/franchise/6/1/5/9/7/0/0/0/0/0/610x900_61597.jpg",
            "kinopoisk": null,
            "imdb": "7.5"
        },
        {
            "id": 54206,
            "name": "Мы медвежата",
            "year": 2022,
            "quality": "FHD (1080p)",
            "genre": "Приключения, Фэнтези, Семейный, Комедия",
            "type": "Мультсериалы",
            "country": "США",
            "poster": "https://img.imgilall.me/movies/franchise/5/4/2/0/6/0/0/0/0/0/610x900_54206.jpg",
            "kinopoisk": null,
            "imdb": "6.7"
        },
        {
            "id": 59980,
            "name": "Не обнимай меня, я напуган",
            "year": 2022,
            "quality": "FHD (1080p)",
            "genre": "Ужасы, Комедия",
            "type": "Мультсериалы",
            "country": "Великобритания",
            "poster": "https://img.imgilall.me/movies/franchise/5/9/9/8/0/0/0/0/0/0/610x900_59980.jpg",
            "kinopoisk": null,
            "imdb": null
        },
        {
            "id": 60661,
            "name": "Чудаки",
            "year": 2022,
            "quality": "FHD (1080p)",
            "genre": "Приключения, Семейный, Комедия",
            "type": "Мультсериалы",
            "country": "США",
            "poster": "https://img.imgilall.me/movies/franchise/6/0/6/6/1/0/0/0/0/0/610x900_60661.jpg",
            "kinopoisk": null,
            "imdb": "6.6"
        },
        {
            "id": 60035,
            "name": "Мартышкины",
            "year": 2022,
            "quality": "FHD (1080p)",
            "genre": "Детский",
            "type": "Мультсериалы",
            "country": "Россия",
            "poster": "https://img.imgilall.me/movies/franchise/6/0/0/3/5/0/0/0/0/0/610x900_60035.jpg",
            "kinopoisk": null,
            "imdb": null
        },
        {
            "id": 59170,
            "name": "Олли потерялся",
            "year": 2022,
            "quality": "HD (720p)",
            "genre": "Приключения, Фэнтези, Семейный, Драма",
            "type": "Мультсериалы",
            "country": "США",
            "poster": "https://img.imgilall.me/movies/franchise/5/9/1/7/0/0/0/0/0/0/610x900_59170.jpg",
            "kinopoisk": null,
            "imdb": null
        },
        {
            "id": 62066,
            "name": "Соня и Леня",
            "year": 2022,
            "quality": "FHD (1080p)",
            "genre": "Детский, Семейный",
            "type": "Мультсериалы",
            "country": "Россия",
            "poster": "https://img.imgilall.me/movies/franchise/6/2/0/6/6/0/0/0/0/0/610x900_62066.jpg",
            "kinopoisk": "8.2",
            "imdb": null
        },
        {
            "id": 58683,
            "name": "Супергиганты братья-роботы",
            "year": 2022,
            "quality": "HD (720p)",
            "genre": "Приключения, Фантастика, Фэнтези, Семейный, Комедия, Боевик",
            "type": "Мультсериалы",
            "country": "США",
            "poster": "https://img.imgilall.me/movies/franchise/5/8/6/8/3/0/0/0/0/0/610x900_58683.jpg",
            "kinopoisk": null,
            "imdb": null
        },
        {
            "id": 56518,
            "name": "Дознаватель",
            "year": 2022,
            "quality": "FHD (1080p)",
            "genre": "Приключения, Триллер",
            "type": "Мультсериалы",
            "country": "Великобритания",
            "poster": "https://img.imgilall.me/movies/franchise/5/6/5/1/8/0/0/0/0/0/610x900_56518.jpg",
            "kinopoisk": null,
            "imdb": null
        },
        {
            "id": 54963,
            "name": "Гора Фрэгглов: Возвращение в пещеру",
            "year": 2022,
            "quality": "FHD (1080p)",
            "genre": "Семейный",
            "type": "Мультсериалы",
            "country": "США",
            "poster": "https://img.imgilall.me/movies/franchise/5/4/9/6/3/0/0/0/0/0/610x900_54963.jpg",
            "kinopoisk": null,
            "imdb": "8.3"
        },
        {
            "id": 57118,
            "name": "Команда «Вперед»",
            "year": 2022,
            "quality": "FHD (1080p)",
            "genre": "Приключения, Фантастика, Фэнтези, Семейный, Комедия, Боевик",
            "type": "Мультсериалы",
            "country": "США",
            "poster": "https://img.imgilall.me/movies/franchise/5/7/1/1/8/0/0/0/0/0/610x900_57118.jpg",
            "kinopoisk": null,
            "imdb": "6.3"
        },
        {
            "id": 55396,
            "name": "Команда Зенко, вперед!",
            "year": 2022,
            "quality": "FHD (1080p)",
            "genre": "Семейный",
            "type": "Мультсериалы",
            "country": "США",
            "poster": "https://img.imgilall.me/movies/franchise/5/5/3/9/6/0/0/0/0/0/610x900_55396.jpg",
            "kinopoisk": null,
            "imdb": "7.6"
        }
    ]
}